sample	contig	detector	detector_version	detector_label	bgc_candidate_id	nucl_start	nucl_end	nucl_length	num_proteins	num_domains	num_bio_domains	deepbgc_score	product_activity	antibacterial	cytotoxic	inhibitor	antifungal	product_class	Alkaloid	NRP	Other	Polyketide	RiPP	Saccharide	Terpene	protein_ids	bio_pfam_ids	pfam_ids	taxid	name
SRR6145060	k99_10621	deepbgc	0.1.0	deepbgc	k99_10621_92-2817.1	92	2817	2725	2	3	0	0.57505	NA	0.42	0.03	0.3	0.14	NA	0	0.09	0.07	0.33	0.25	0.03	0.28	k99_10621_k99_10621_2;k99_10621_k99_10621_3	NA	PF00933;PF00069;PF07714	1747	Cutibacterium acnes
SRR6145060	k99_2324	deepbgc	0.1.0	deepbgc	k99_2324_0-3713.1	0	3713	3713	5	12	2	0.69801	antibacterial	0.7	0.07	0.16	0.22	Saccharide	0	0	0.06	0	0.01	0.91	0.02	k99_2324_k99_2324_1;k99_2324_k99_2324_2;k99_2324_k99_2324_3;k99_2324_k99_2324_4;k99_2324_k99_2324_5	PF00483;PF00534	PF00483;PF12804;PF13439;PF13579;PF08323;PF00534;PF13692;PF13524;PF11314;PF01546;PF07687;PF04389	1747	Cutibacterium acnes
SRR6145060	k99_14804	deepbgc	0.1.0	deepbgc	k99_14804_1-1584.1	1	1584	1583	2	2	1	0.53202	antibacterial	0.89	0.06	0.16	0.23	NA	0	0.03	0.29	0.12	0.39	0.01	0.18	k99_14804_k99_14804_1;k99_14804_k99_14804_2	PF04055	PF10105;PF04055	1747	Cutibacterium acnes
SRR6145060	k99_10703	deepbgc	0.1.0	deepbgc	k99_10703_731-1388.1	731	1388	657	1	1	0	0.62795	antibacterial	0.87	0.06	0.17	0.26	NA	0	0.09	0.07	0.33	0.21	0.03	0.32	k99_10703_k99_10703_2	NA	PF03884	NA	NA
SRR6145060	k99_3571	deepbgc	0.1.0	deepbgc	k99_3571_197-1370.1	197	1370	1173	1	1	1	0.62707	antibacterial	0.83	0.06	0.17	0.3	NA	0	0.11	0.08	0.32	0.2	0.03	0.31	k99_3571_k99_3571_1	PF00171	PF00171	1747	Cutibacterium acnes
SRR6145060	k99_4731	deepbgc	0.1.0	deepbgc	k99_4731_2-359.1	2	359	357	1	1	0	0.54196	antibacterial	0.87	0.05	0.16	0.25	NA	0	0.09	0.07	0.32	0.23	0.04	0.3	k99_4731_k99_4731_1	NA	PF02826	1747	Cutibacterium acnes
SRR6145060	k99_15295	deepbgc	0.1.0	deepbgc	k99_15295_1020-2989.1	1020	2989	1969	3	2	0	0.56849	antibacterial	0.86	0.08	0.17	0.26	NA	0	0.09	0.07	0.33	0.21	0.03	0.32	k99_15295_k99_15295_3;k99_15295_k99_15295_4;k99_15295_k99_15295_5	NA	PF03734;PF00795	1747	Cutibacterium acnes
SRR6145060	k99_2740	deepbgc	0.1.0	deepbgc	k99_2740_362-1157.1	362	1157	795	1	3	2	0.56975	antibacterial	0.81	0.01	0.18	0.07	NA	0.01	0.01	0.02	0.06	0.41	0	0.49	k99_2740_k99_2740_1	PF08659;PF00106	PF00106;PF08659;PF13561	1747	Cutibacterium acnes
SRR6145060	k99_11690	deepbgc	0.1.0	deepbgc	k99_11690_0-312.1	0	312	312	1	1	0	0.56937	antibacterial	0.77	0.08	0.16	0.23	NA	0	0.1	0.2	0.29	0.14	0.04	0.29	k99_11690_k99_11690_1	NA	PF13347	1747	Cutibacterium acnes
SRR6145060	k99_7141	deepbgc	0.1.0	deepbgc	k99_7141_2-857.1	2	857	855	1	2	0	0.53601	antibacterial	0.87	0.06	0.17	0.26	NA	0	0.09	0.07	0.32	0.22	0.03	0.32	k99_7141_k99_7141_1	NA	PF13620;PF16640	1747	Cutibacterium acnes
SRR6145060	k99_9384	deepbgc	0.1.0	deepbgc	k99_9384_2-1472.1	2	1472	1470	1	1	1	0.64747	antibacterial	0.78	0.03	0.21	0.14	NA	0	0.22	0.24	0.32	0.1	0.01	0.11	k99_9384_k99_9384_1	PF00501	PF00501	1747	Cutibacterium acnes
SRR6145060	k99_10464	deepbgc	0.1.0	deepbgc	k99_10464_0-4587.1	0	4587	4587	6	11	4	0.632	antibacterial	0.81	0.06	0.17	0.33	Polyketide	0	0	0	0.73	0.01	0.1	0.17	k99_10464_k99_10464_1;k99_10464_k99_10464_2;k99_10464_k99_10464_3;k99_10464_k99_10464_4;k99_10464_k99_10464_5;k99_10464_k99_10464_6	PF01370;PF08659;PF00106;PF02397	PF02896;PF00106;PF08659;PF01370;PF13561;PF13460;PF02397;PF08669;PF01571;PF08768;PF02580	1747	Cutibacterium acnes
SRR6145060	k99_2164	deepbgc	0.1.0	deepbgc	k99_2164_241-520.1	241	520	279	1	1	0	0.51722	antibacterial	0.87	0.06	0.17	0.26	NA	0	0.09	0.07	0.33	0.21	0.03	0.32	k99_2164_k99_2164_2	NA	PF02467	1747	Cutibacterium acnes
SRR6145060	k99_8970	deepbgc	0.1.0	deepbgc	k99_8970_0-1175.1	0	1175	1175	3	3	0	0.55868	antibacterial	0.87	0.06	0.17	0.26	NA	0	0.09	0.07	0.33	0.21	0.03	0.32	k99_8970_k99_8970_1;k99_8970_k99_8970_2;k99_8970_k99_8970_3	NA	PF13834;PF14019;PF11292	1747	Cutibacterium acnes
SRR6145060	k99_1165	deepbgc	0.1.0	deepbgc	k99_1165_0-789.1	0	789	789	1	1	1	0.58531	antibacterial	0.83	0.06	0.17	0.3	NA	0	0.11	0.08	0.32	0.2	0.03	0.31	k99_1165_k99_1165_1	PF00171	PF00171	1747	Cutibacterium acnes
SRR6145060	k99_1165	deepbgc	0.1.0	deepbgc	k99_1165_2024-2696.1	2024	2696	672	1	1	0	0.56568	antibacterial	0.82	0.14	0.15	0.27	NA	0.01	0.09	0.07	0.33	0.21	0.03	0.31	k99_1165_k99_1165_4	NA	PF00300	1747	Cutibacterium acnes
SRR6145060	k99_9217	deepbgc	0.1.0	deepbgc	k99_9217_799-1600.1	799	1600	801	1	2	0	0.55933	antibacterial	0.86	0.07	0.17	0.26	NA	0	0.09	0.07	0.33	0.21	0.03	0.32	k99_9217_k99_9217_2	NA	PF10370;PF01557	1747	Cutibacterium acnes
SRR6145060	k99_9217	deepbgc	0.1.0	deepbgc	k99_9217_3044-3662.1	3044	3662	618	1	2	0	0.51539	antibacterial	0.87	0.07	0.17	0.25	NA	0	0.09	0.13	0.28	0.22	0.03	0.3	k99_9217_k99_9217_5	NA	PF01614;PF09339	1747	Cutibacterium acnes
SRR6145060	k99_4650	deepbgc	0.1.0	deepbgc	k99_4650_38-2734.1	38	2734	2696	2	4	1	0.55422	inhibitor	0.32	0.06	0.59	0.11	NA	0	0.44	0.36	0.14	0.03	0	0.08	k99_4650_k99_4650_1;k99_4650_k99_4650_2	PF00155	PF00464;PF00155;PF01212;PF00294	1234380	Cutibacterium acnes C1
SRR6145060	k99_5486	deepbgc	0.1.0	deepbgc	k99_5486_210-1125.1	210	1125	915	1	1	1	0.52466	antibacterial	0.83	0.05	0.16	0.29	NA	0.05	0.08	0.07	0.3	0.21	0.03	0.31	k99_5486_k99_5486_2	PF00248	PF00248	1747	Cutibacterium acnes
SRR6145060	k99_8469	deepbgc	0.1.0	deepbgc	k99_8469_164-494.1	164	494	330	1	3	0	0.57712	antibacterial	0.84	0.07	0.16	0.32	NA	0	0.1	0.11	0.29	0.22	0.04	0.29	k99_8469_k99_8469_2	NA	PF01527;PF13518;PF13384	930171	Pseudarthrobacter phenanthrenivorans Sphe3
SRR6145060	k99_8469	deepbgc	0.1.0	deepbgc	k99_8469_1166-1508.1	1166	1508	342	1	1	0	0.61576	antibacterial	0.87	0.06	0.17	0.26	NA	0	0.09	0.07	0.33	0.21	0.03	0.32	k99_8469_k99_8469_4	NA	PF13936	930171	Pseudarthrobacter phenanthrenivorans Sphe3
SRR6145060	k99_2242	deepbgc	0.1.0	deepbgc	k99_2242_0-1632.1	0	1632	1632	2	11	4	0.55763	antibacterial	0.51	0.19	0.21	0.19	Polyketide	0.08	0.08	0.17	0.54	0.02	0.21	0	k99_2242_k99_2242_1;k99_2242_k99_2242_2	PF01370;PF02719;PF04321;PF07993	PF00440;PF13977;PF16859;PF16363;PF01370;PF02719;PF07993;PF04321;PF13460;PF01073;PF05368	1747	Cutibacterium acnes
SRR6145060	k99_7388	deepbgc	0.1.0	deepbgc	k99_7388_2-3442.1	2	3442	3440	3	12	0	0.65447	antibacterial	0.54	0.25	0.16	0.06	RiPP	0	0.01	0.05	0.01	0.91	0.02	0	k99_7388_k99_7388_1;k99_7388_k99_7388_2;k99_7388_k99_7388_3	NA	PF03030;PF00005;PF13604;PF13191;PF13555;PF13476;PF02702;PF13304;PF01061;PF12698;PF12679;PF12730	1234380	Cutibacterium acnes C1
SRR6145060	k99_4072	deepbgc	0.1.0	deepbgc	k99_4072_393-2965.1	393	2965	2572	3	4	2	0.72654	antibacterial	0.78	0.03	0.2	0.13	Polyketide	0	0.18	0.18	0.59	0.03	0	0.03	k99_4072_k99_4072_1;k99_4072_k99_4072_2;k99_4072_k99_4072_3	PF00501;PF00378	PF01694;PF16113;PF00378;PF00501	1747	Cutibacterium acnes
SRR6145060	k99_4244	deepbgc	0.1.0	deepbgc	k99_4244_400-2863.1	400	2863	2463	3	4	0	0.70983	antibacterial	0.87	0.06	0.17	0.26	NA	0	0.09	0.07	0.33	0.21	0.03	0.32	k99_4244_k99_4244_1;k99_4244_k99_4244_2;k99_4244_k99_4244_3	NA	PF01161;PF01083;PF08237;PF11139	1747	Cutibacterium acnes
SRR6145060	k99_11610	deepbgc	0.1.0	deepbgc	k99_11610_181-964.1	181	964	783	1	2	0	0.51277	antibacterial	0.87	0.03	0.08	0.17	RiPP	0	0.05	0.09	0.08	0.69	0.02	0.09	k99_11610_k99_11610_2	NA	PF00005;PF13555	1747	Cutibacterium acnes
SRR6145060	k99_8470	deepbgc	0.1.0	deepbgc	k99_8470_1-226.1	1	226	225	1	1	0	0.54171	antibacterial	0.87	0.06	0.17	0.26	NA	0	0.09	0.07	0.33	0.21	0.03	0.32	k99_8470_k99_8470_1	NA	PF09605	1747	Cutibacterium acnes
SRR6145060	k99_10049	deepbgc	0.1.0	deepbgc	k99_10049_2-320.1	2	320	318	1	1	0	0.59228	antibacterial	0.87	0.06	0.17	0.26	NA	0	0.09	0.07	0.33	0.21	0.03	0.32	k99_10049_k99_10049_1	NA	PF08020	1234380	Cutibacterium acnes C1
SRR6145060	k99_9135	deepbgc	0.1.0	deepbgc	k99_9135_0-1817.1	0	1817	1817	3	6	1	0.53448	antibacterial	0.83	0.05	0.2	0.23	Saccharide	0	0.06	0.05	0.15	0.1	0.54	0.13	k99_9135_k99_9135_1;k99_9135_k99_9135_2;k99_9135_k99_9135_3	PF00535	PF03009;PF13653;PF13397;PF09723;PF13641;PF00535	1747	Cutibacterium acnes
SRR6145060	k99_6980	deepbgc	0.1.0	deepbgc	k99_6980_242-1511.1	242	1511	1269	1	1	0	0.6134	antibacterial	0.86	0.06	0.17	0.26	NA	0	0.1	0.08	0.32	0.21	0.03	0.31	k99_6980_k99_6980_2	NA	PF01497	1747	Cutibacterium acnes
SRR6145060	k99_11118	deepbgc	0.1.0	deepbgc	k99_11118_0-1761.1	0	1761	1761	2	2	0	0.54809	antibacterial	0.86	0.07	0.18	0.26	NA	0	0.09	0.07	0.33	0.21	0.03	0.32	k99_11118_k99_11118_1;k99_11118_k99_11118_2	NA	PF01232;PF02614	1747	Cutibacterium acnes
SRR6145060	k99_1499	deepbgc	0.1.0	deepbgc	k99_1499_781-1744.1	781	1744	963	1	1	1	0.66426	antibacterial	0.76	0.06	0.14	0.28	NA	0	0.07	0.25	0.24	0.21	0.03	0.25	k99_1499_k99_1499_2	PF01636	PF01636	1747	Cutibacterium acnes
SRR6145060	k99_2992	deepbgc	0.1.0	deepbgc	k99_2992_1-886.1	1	886	885	1	2	0	0.54275	antibacterial	0.87	0.06	0.18	0.26	NA	0	0.08	0.07	0.38	0.2	0.03	0.29	k99_2992_k99_2992_1	NA	PF00657;PF13472	1747	Cutibacterium acnes
SRR6145060	k99_8894	deepbgc	0.1.0	deepbgc	k99_8894_1-766.1	1	766	765	1	2	0	0.52157	antibacterial	0.8	0.04	0.16	0.47	Polyketide	0	0	0.01	0.92	0.01	0.01	0.05	k99_8894_k99_8894_1	NA	PF00854;PF07690	1747	Cutibacterium acnes
SRR6145060	k99_1922	deepbgc	0.1.0	deepbgc	k99_1922_785-1343.1	785	1343	558	1	1	0	0.62997	antibacterial	0.88	0.06	0.16	0.26	NA	0	0.1	0.09	0.33	0.19	0.03	0.31	k99_1922_k99_1922_3	NA	PF01613	1234380	Cutibacterium acnes C1
SRR6145060	k99_8638	deepbgc	0.1.0	deepbgc	k99_8638_1-544.1	1	544	543	2	2	0	0.61719	antibacterial	0.87	0.06	0.17	0.26	NA	0	0.09	0.07	0.33	0.21	0.03	0.32	k99_8638_k99_8638_1;k99_8638_k99_8638_2	NA	PF00334;PF14017	1234380	Cutibacterium acnes C1
SRR6145060	k99_10384	deepbgc	0.1.0	deepbgc	k99_10384_2-1547.1	2	1547	1545	1	1	0	0.50922	antibacterial	0.87	0.06	0.17	0.26	NA	0	0.09	0.07	0.33	0.21	0.03	0.32	k99_10384_k99_10384_1	NA	PF05088	1747	Cutibacterium acnes
SRR6145060	k99_6572	deepbgc	0.1.0	deepbgc	k99_6572_711-1281.1	711	1281	570	1	1	0	0.60476	antibacterial	0.87	0.06	0.17	0.26	NA	0	0.09	0.07	0.33	0.21	0.03	0.32	k99_6572_k99_6572_2	NA	PF11452	1747	Cutibacterium acnes
SRR6145060	k99_2661	deepbgc	0.1.0	deepbgc	k99_2661_2-1152.1	2	1152	1150	2	2	0	0.63514	antibacterial	0.83	0.1	0.17	0.26	NA	0	0.07	0.13	0.3	0.21	0.03	0.31	k99_2661_k99_2661_1;k99_2661_k99_2661_2	NA	PF00756;PF00448	1234380	Cutibacterium acnes C1
SRR6145060	k99_1837	deepbgc	0.1.0	deepbgc	k99_1837_1-169.1	1	169	168	1	1	0	0.60526	antibacterial	0.86	0.06	0.16	0.25	Polyketide	0	0.07	0.03	0.56	0.15	0.03	0.2	k99_1837_k99_1837_1	NA	PF16113	1747	Cutibacterium acnes
SRR6145060	k99_11203	deepbgc	0.1.0	deepbgc	k99_11203_127-820.1	127	820	693	1	1	0	0.53678	antibacterial	0.87	0.06	0.17	0.26	NA	0	0.09	0.07	0.33	0.21	0.03	0.32	k99_11203_k99_11203_1	NA	PF05076	1234380	Cutibacterium acnes C1
SRR6145060	k99_4661	deepbgc	0.1.0	deepbgc	k99_4661_438-2234.1	438	2234	1796	2	3	0	0.68563	antibacterial	0.84	0.06	0.2	0.25	NA	0	0.09	0.07	0.33	0.21	0.03	0.32	k99_4661_k99_4661_2;k99_4661_k99_4661_3	NA	PF02698;PF13377;PF14016	1747	Cutibacterium acnes
SRR6145060	k99_13416	deepbgc	0.1.0	deepbgc	k99_13416_1-1901.1	1	1901	1900	2	4	0	0.57099	antibacterial	0.69	0.07	0.16	0.38	Polyketide	0	0.01	0.2	0.74	0.01	0.02	0.04	k99_13416_k99_13416_1;k99_13416_k99_13416_2	NA	PF13347;PF01027;PF07690;PF14486	1747	Cutibacterium acnes
SRR6145060	k99_13740	deepbgc	0.1.0	deepbgc	k99_13740_2-1218.1	2	1218	1216	3	2	0	0.59743	antibacterial	0.8	0.06	0.16	0.25	NA	0	0.09	0.11	0.3	0.21	0.03	0.32	k99_13740_k99_13740_1;k99_13740_k99_13740_2;k99_13740_k99_13740_3	NA	PF01261;PF06283	1747	Cutibacterium acnes
SRR6145060	k99_2428	deepbgc	0.1.0	deepbgc	k99_2428_2-1754.1	2	1754	1752	1	1	0	0.56837	antibacterial	0.87	0.06	0.17	0.26	NA	0	0.09	0.07	0.33	0.21	0.03	0.32	k99_2428_k99_2428_1	NA	PF13700	468	Moraxellaceae
SRR6145060	k99_7396	deepbgc	0.1.0	deepbgc	k99_7396_2-728.1	2	728	726	1	4	1	0.59066	NA	0.33	0.03	0.25	0.16	NA	0	0.08	0.21	0.2	0.32	0.03	0.2	k99_7396_k99_7396_1	PF01636	PF00069;PF07714;PF01636;PF06293	1747	Cutibacterium acnes
SRR6145060	k99_15220	deepbgc	0.1.0	deepbgc	k99_15220_1-1528.1	1	1528	1527	1	2	1	0.67567	NA	0.41	0.04	0.09	0.15	Other	0	0.04	0.63	0.14	0.09	0.02	0.12	k99_15220_k99_15220_1	PF04183	PF06276;PF04183	34062	Moraxella osloensis
SRR6145060	k99_2253	deepbgc	0.1.0	deepbgc	k99_2253_1-2537.1	1	2537	2536	4	3	0	0.57701	antibacterial	0.61	0.05	0.12	0.17	NA	0	0.05	0.39	0.19	0.17	0.02	0.21	k99_2253_k99_2253_1;k99_2253_k99_2253_2;k99_2253_k99_2253_3;k99_2253_k99_2253_4	NA	PF01336;PF00440;PF01869	1747	Cutibacterium acnes
SRR6145060	k99_7154	deepbgc	0.1.0	deepbgc	k99_7154_1-3495.1	1	3495	3494	6	18	5	0.61008	NA	0.29	0.38	0.18	0.11	NA	0.09	0.08	0.33	0.17	0.03	0.14	0.33	k99_7154_k99_7154_1;k99_7154_k99_7154_2;k99_7154_k99_7154_3;k99_7154_k99_7154_4;k99_7154_k99_7154_5;k99_7154_k99_7154_6	PF01494;PF00583;PF01593;PF00561;PF01266	PF01593;PF13450;PF07992;PF00890;PF01946;PF03486;PF01266;PF13738;PF01494;PF16646;PF13673;PF13508;PF00583;PF01891;PF07859;PF00326;PF05705;PF00561	1747	Cutibacterium acnes
SRR6145060	k99_7661	deepbgc	0.1.0	deepbgc	k99_7661_0-3659.1	0	3659	3659	2	2	0	0.69354	antibacterial	0.87	0.06	0.17	0.26	NA	0	0.09	0.07	0.33	0.21	0.03	0.32	k99_7661_k99_7661_1;k99_7661_k99_7661_2	NA	PF05593;PF05593	1234380	Cutibacterium acnes C1
SRR6145060	k99_9647	deepbgc	0.1.0	deepbgc	k99_9647_1873-2131.1	1873	2131	258	1	1	0	0.51406	antibacterial	0.87	0.06	0.17	0.26	NA	0	0.09	0.07	0.33	0.21	0.03	0.32	k99_9647_k99_9647_3	NA	PF06197	1747	Cutibacterium acnes
SRR6145060	k99_15143	deepbgc	0.1.0	deepbgc	k99_15143_2-2496.1	2	2496	2494	3	7	1	0.77855	inhibitor	0.3	0.05	0.63	0.07	NA	0.01	0.35	0.13	0.31	0.16	0	0.04	k99_15143_k99_15143_1;k99_15143_k99_15143_2;k99_15143_k99_15143_3	PF00501	PF00501;PF00485;PF07690;PF03209;PF06609;PF00083;PF05977	1234380	Cutibacterium acnes C1
SRR6145060	k99_13750	deepbgc	0.1.0	deepbgc	k99_13750_0-1113.1	0	1113	1113	2	2	0	0.61016	antibacterial	0.9	0.03	0.12	0.48	Saccharide-Terpene	0	0.04	0.02	0.12	0.07	0.69	0.75	k99_13750_k99_13750_1;k99_13750_k99_13750_2	NA	PF05834;PF00507	1747	Cutibacterium acnes
SRR6145060	k99_12114	deepbgc	0.1.0	deepbgc	k99_12114_2-2248.1	2	2248	2246	4	4	0	0.77447	antibacterial	0.8	0.04	0.16	0.46	Polyketide	0	0	0.01	0.92	0.01	0.01	0.05	k99_12114_k99_12114_1;k99_12114_k99_12114_2;k99_12114_k99_12114_3;k99_12114_k99_12114_4	NA	PF07690;PF02626;PF02682;PF03746	1747	Cutibacterium acnes
SRR6145060	k99_8979	deepbgc	0.1.0	deepbgc	k99_8979_0-1173.1	0	1173	1173	1	4	0	0.62447	inhibitor	0.22	0.07	0.63	0.11	NA	0	0.2	0.24	0.29	0.23	0	0.03	k99_8979_k99_8979_1	NA	PF00083;PF07690;PF13347;PF06609	1747	Cutibacterium acnes
SRR6145060	k99_1761	deepbgc	0.1.0	deepbgc	k99_1761_0-4338.1	0	4338	4338	7	6	0	0.68351	antibacterial	0.87	0.06	0.17	0.26	NA	0	0.28	0.15	0.43	0.16	0.03	0.23	k99_1761_k99_1761_1;k99_1761_k99_1761_2;k99_1761_k99_1761_3;k99_1761_k99_1761_4;k99_1761_k99_1761_5;k99_1761_k99_1761_6;k99_1761_k99_1761_7	NA	PF03054;PF01717;PF09335;PF01842;PF02686;PF01425	1747	Cutibacterium acnes
SRR6145060	k99_8148	deepbgc	0.1.0	deepbgc	k99_8148_2-989.1	2	989	987	1	1	0	0.61296	antibacterial	0.87	0.06	0.17	0.26	NA	0	0.09	0.07	0.33	0.21	0.03	0.32	k99_8148_k99_8148_1	NA	PF04188	1747	Cutibacterium acnes
SRR6145060	k99_2175	deepbgc	0.1.0	deepbgc	k99_2175_32-1835.1	32	1835	1803	2	9	0	0.60798	antibacterial	0.8	0.07	0.15	0.34	NA	0.01	0.1	0.11	0.3	0.22	0.04	0.29	k99_2175_k99_2175_1;k99_2175_k99_2175_2	NA	PF01527;PF02796;PF13011;PF13384;PF13551;PF13518;PF12728;PF13022;PF00872	1270	Micrococcus luteus
SRR6145060	k99_15064	deepbgc	0.1.0	deepbgc	k99_15064_2-2190.1	2	2190	2188	4	7	0	0.70949	antibacterial	0.78	0.06	0.15	0.21	NA	0	0.06	0.06	0.36	0.27	0.01	0.28	k99_15064_k99_15064_1;k99_15064_k99_15064_2;k99_15064_k99_15064_3;k99_15064_k99_15064_4	NA	PF00275;PF07681;PF04542;PF07638;PF08281;PF04545;PF13490	1747	Cutibacterium acnes
SRR6145060	k99_9475	deepbgc	0.1.0	deepbgc	k99_9475_1-4525.1	1	4525	4524	5	6	0	0.59809	antibacterial	0.87	0.06	0.17	0.26	NA	0	0.09	0.07	0.33	0.21	0.03	0.32	k99_9475_k99_9475_1;k99_9475_k99_9475_2;k99_9475_k99_9475_3;k99_9475_k99_9475_4;k99_9475_k99_9475_5	NA	PF00482;PF14029;PF07811;PF13400;PF07811;PF01476	1114969	Cutibacterium acnes TypeIA2 P.acn31
SRR6145060	k99_5072	deepbgc	0.1.0	deepbgc	k99_5072_216-852.1	216	852	636	1	2	0	0.77554	antibacterial	0.87	0.07	0.17	0.26	NA	0	0.1	0.07	0.33	0.21	0.03	0.31	k99_5072_k99_5072_1	NA	PF11716;PF07398	1747	Cutibacterium acnes
SRR6145060	k99_5072	deepbgc	0.1.0	deepbgc	k99_5072_2364-2601.1	2364	2601	237	1	1	0	0.53419	antibacterial	0.87	0.06	0.17	0.26	NA	0	0.08	0.14	0.32	0.18	0.03	0.29	k99_5072_k99_5072_3	NA	PF01425	1747	Cutibacterium acnes
SRR6145060	k99_8567	deepbgc	0.1.0	deepbgc	k99_8567_0-1221.1	0	1221	1221	1	1	0	0.59923	antibacterial	0.87	0.06	0.17	0.26	NA	0	0.09	0.07	0.33	0.21	0.03	0.32	k99_8567_k99_8567_1	NA	PF03632	1747	Cutibacterium acnes
SRR6145060	k99_3752	deepbgc	0.1.0	deepbgc	k99_3752_0-2662.1	0	2662	2662	3	3	0	0.59022	antibacterial	0.78	0.11	0.12	0.19	NA	0	0.08	0.1	0.3	0.26	0.03	0.29	k99_3752_k99_3752_1;k99_3752_k99_3752_2;k99_3752_k99_3752_3	NA	PF02517;PF01619;PF01261	1747	Cutibacterium acnes
SRR6145060	k99_12856	deepbgc	0.1.0	deepbgc	k99_12856_1-988.1	1	988	987	1	2	0	0.50289	antibacterial	0.84	0.06	0.17	0.26	NA	0	0.11	0.07	0.32	0.2	0.03	0.32	k99_12856_k99_12856_1	NA	PF13701;PF01609	1346287	Halomonas sp. A3H3
SRR6145060	k99_11783	deepbgc	0.1.0	deepbgc	k99_11783_2-4885.1	2	4885	4883	5	12	3	0.63578	antibacterial	0.69	0.09	0.2	0.31	NA	0	0.15	0.14	0.28	0.09	0.23	0.12	k99_11783_k99_11783_1;k99_11783_k99_11783_2;k99_11783_k99_11783_3;k99_11783_k99_11783_4;k99_11783_k99_11783_5	PF03721;PF00984;PF02737	PF00984;PF03721;PF02737;PF00056;PF01210;PF02254;PF01738;PF12146;PF12697;PF12146;PF01642;PF01642	1747	Cutibacterium acnes
SRR6145060	k99_15733	deepbgc	0.1.0	deepbgc	k99_15733_2-1750.1	2	1750	1748	3	3	0	0.60171	antibacterial	0.87	0.06	0.17	0.26	NA	0	0.09	0.07	0.33	0.22	0.03	0.31	k99_15733_k99_15733_1;k99_15733_k99_15733_2;k99_15733_k99_15733_3	NA	PF00675;PF17249;PF00912	1747	Cutibacterium acnes
SRR6145060	k99_3495	deepbgc	0.1.0	deepbgc	k99_3495_1196-2513.1	1196	2513	1317	1	1	0	0.5044	antibacterial	0.86	0.06	0.17	0.26	NA	0	0.09	0.07	0.33	0.21	0.03	0.32	k99_3495_k99_3495_2	NA	PF09594	1747	Cutibacterium acnes
SRR6145060	k99_7899	deepbgc	0.1.0	deepbgc	k99_7899_2-1286.1	2	1286	1284	1	2	0	0.5732	antibacterial	0.85	0.06	0.18	0.26	NA	0	0.09	0.07	0.33	0.21	0.03	0.32	k99_7899_k99_7899_1	NA	PF09594;PF06728	1747	Cutibacterium acnes
SRR6145060	k99_9654	deepbgc	0.1.0	deepbgc	k99_9654_398-2216.1	398	2216	1818	1	1	0	0.51666	antibacterial	0.88	0.06	0.14	0.29	NA	0	0.1	0.07	0.33	0.2	0.03	0.32	k99_9654_k99_9654_2	NA	PF02687	1747	Cutibacterium acnes
SRR6145060	k99_7989	deepbgc	0.1.0	deepbgc	k99_7989_2-1109.1	2	1109	1107	1	5	2	0.56219	antibacterial	0.8	0.11	0.12	0.23	Saccharide	0	0.01	0.24	0.04	0.03	0.56	0.13	k99_7989_k99_7989_1	PF03033;PF04101	PF03033;PF13579;PF13439;PF04101;PF13692	1747	Cutibacterium acnes
SRR6145060	k99_10724	deepbgc	0.1.0	deepbgc	k99_10724_0-2572.1	0	2572	2572	2	8	2	0.63753	antibacterial	0.74	0.06	0.13	0.25	Saccharide	0	0	0.04	0.04	0.02	0.87	0.04	k99_10724_k99_10724_1;k99_10724_k99_10724_2	PF04932;PF00534	PF06993;PF04932;PF13477;PF13579;PF13439;PF13692;PF00534;PF13524	1747	Cutibacterium acnes
SRR6145060	k99_15390	deepbgc	0.1.0	deepbgc	k99_15390_0-2372.1	0	2372	2372	3	3	0	0.67578	antibacterial	0.86	0.05	0.17	0.21	NA	0	0.06	0.13	0.2	0.43	0	0.2	k99_15390_k99_15390_1;k99_15390_k99_15390_2;k99_15390_k99_15390_3	NA	PF00664;PF09605;PF12787	1234380	Cutibacterium acnes C1
SRR6145060	k99_15390	deepbgc	0.1.0	deepbgc	k99_15390_5805-6540.1	5805	6540	735	1	5	0	0.51298	antibacterial	0.84	0.08	0.05	0.11	RiPP	0	0.02	0.05	0.04	0.87	0.02	0	k99_15390_k99_15390_7	NA	PF13304;PF00005;PF13191;PF13555;PF13476	1234380	Cutibacterium acnes C1
SRR6145060	k99_11212	deepbgc	0.1.0	deepbgc	k99_11212_0-956.1	0	956	956	2	9	0	0.56	antibacterial	0.67	0.09	0.1	0.15	RiPP	0	0.03	0.13	0.05	0.77	0.01	0.01	k99_11212_k99_11212_1;k99_11212_k99_11212_2	NA	PF12704;PF02463;PF13191;PF13401;PF00005;PF13481;PF13555;PF03193;PF13476	1747	Cutibacterium acnes
SRR6145060	k99_1089	deepbgc	0.1.0	deepbgc	k99_1089_2-1773.1	2	1773	1771	2	4	0	0.55985	NA	0.47	0.02	0.46	0.11	NRP-Polyketide	0.01	0.74	0.08	0.52	0.05	0	0.03	k99_1089_k99_1089_1;k99_1089_k99_1089_2	NA	PF02347;PF01212;PF00266;PF07729	1747	Cutibacterium acnes
SRR6145060	k99_12293	deepbgc	0.1.0	deepbgc	k99_12293_3028-3289.1	3028	3289	261	1	1	0	0.51939	antibacterial	0.87	0.06	0.17	0.26	NA	0	0.09	0.07	0.33	0.21	0.03	0.32	k99_12293_k99_12293_5	NA	PF13490	1234380	Cutibacterium acnes C1
SRR6145060	k99_1273	deepbgc	0.1.0	deepbgc	k99_1273_1119-1338.1	1119	1338	219	1	1	0	0.55435	antibacterial	0.88	0.11	0.16	0.29	NA	0.01	0.09	0.06	0.43	0.18	0.04	0.28	k99_1273_k99_1273_2	NA	PF13460	1747	Cutibacterium acnes
SRR6145060	k99_11051	deepbgc	0.1.0	deepbgc	k99_11051_489-1599.1	489	1599	1110	1	1	0	0.58722	antibacterial	0.9	0.01	0.04	0.09	Terpene	0.09	0.05	0.03	0.1	0.08	0	0.67	k99_11051_k99_11051_2	NA	PF01040	1234380	Cutibacterium acnes C1
SRR6145060	k99_12123	deepbgc	0.1.0	deepbgc	k99_12123_635-1963.1	635	1963	1328	2	2	0	0.69185	antibacterial	0.87	0.06	0.17	0.26	NA	0	0.1	0.07	0.35	0.21	0.03	0.3	k99_12123_k99_12123_2;k99_12123_k99_12123_3	NA	PF13796;PF02628	1747	Cutibacterium acnes
SRR6145060	k99_8070	deepbgc	0.1.0	deepbgc	k99_8070_172-829.1	172	829	657	1	5	0	0.55666	antibacterial	0.81	0.07	0.1	0.2	NA	0	0.06	0.15	0.31	0.35	0.01	0.17	k99_8070_k99_8070_2	NA	PF00072;PF08281;PF04545;PF00196;PF13412	1747	Cutibacterium acnes
SRR6145060	k99_3589	deepbgc	0.1.0	deepbgc	k99_3589_40-9778.1	40	9778	9738	11	22	6	0.97423	NA	0.34	0.15	0.11	0.18	Polyketide	0	0.12	0.03	0.82	0.03	0.01	0.07	k99_3589_k99_3589_1;k99_3589_k99_3589_2;k99_3589_k99_3589_3;k99_3589_k99_3589_4;k99_3589_k99_3589_5;k99_3589_k99_3589_6;k99_3589_k99_3589_7;k99_3589_k99_3589_8;k99_3589_k99_3589_9;k99_3589_k99_3589_10;k99_3589_k99_3589_11	PF08545;PF02801;PF00108;PF00698;PF00109;PF08541	PF13556;PF00083;PF07690;PF06609;PF02579;PF02558;PF08546;PF00698;PF00195;PF00108;PF07451;PF08392;PF08545;PF08541;PF00550;PF00109;PF00108;PF02801;PF16197;PF11343;PF01168;PF00092	1234380	Cutibacterium acnes C1
SRR6145060	k99_12199	deepbgc	0.1.0	deepbgc	k99_12199_769-2073.1	769	2073	1304	2	7	2	0.70861	antibacterial	0.74	0.06	0.13	0.25	Saccharide	0	0	0.04	0.04	0.03	0.86	0.04	k99_12199_k99_12199_2;k99_12199_k99_12199_3	PF02350;PF00534	PF13524;PF00534;PF13692;PF13579;PF13439;PF13477;PF02350	1747	Cutibacterium acnes
SRR6145060	k99_7492	deepbgc	0.1.0	deepbgc	k99_7492_0-1618.1	0	1618	1618	2	3	0	0.54877	antibacterial	0.82	0.09	0.19	0.25	NA	0	0.08	0.24	0.27	0.19	0.02	0.24	k99_7492_k99_7492_1;k99_7492_k99_7492_2	NA	PF02780;PF17147;PF02775	1747	Cutibacterium acnes
SRR6145060	k99_12617	deepbgc	0.1.0	deepbgc	k99_12617_1-553.1	1	553	552	1	1	1	0.56864	antibacterial	0.83	0.06	0.15	0.25	NA	0	0.09	0.07	0.26	0.16	0.07	0.44	k99_12617_k99_12617_1	PF01593	PF01593	1747	Cutibacterium acnes
SRR6145060	k99_6007	deepbgc	0.1.0	deepbgc	k99_6007_623-3053.1	623	3053	2430	3	4	0	0.65417	antibacterial	0.87	0.06	0.17	0.26	NA	0	0.09	0.07	0.33	0.21	0.03	0.32	k99_6007_k99_6007_2;k99_6007_k99_6007_3;k99_6007_k99_6007_4	NA	PF00124;PF04191;PF00421;PF00421	44283	Pasteurella multocida subsp. multocida
SRR6145060	k99_7671	deepbgc	0.1.0	deepbgc	k99_7671_1-1433.1	1	1433	1432	3	2	0	0.65141	antibacterial	0.86	0.06	0.18	0.26	NA	0	0.09	0.08	0.32	0.21	0.03	0.32	k99_7671_k99_7671_1;k99_7671_k99_7671_2;k99_7671_k99_7671_3	NA	PF05960;PF08386	1747	Cutibacterium acnes
SRR6145060	k99_11793	deepbgc	0.1.0	deepbgc	k99_11793_0-4753.1	0	4753	4753	5	9	3	0.58739	inhibitor	0.2	0.03	0.69	0.06	NRP	0.01	0.59	0.25	0.16	0.03	0.02	0	k99_11793_k99_11793_1;k99_11793_k99_11793_2;k99_11793_k99_11793_3;k99_11793_k99_11793_4;k99_11793_k99_11793_5	PF00155;PF08240;PF00107	PF00528;PF04069;PF00155;PF00464;PF00266;PF16912;PF00107;PF08240;PF00528	1747	Cutibacterium acnes
SRR6145060	k99_3674	deepbgc	0.1.0	deepbgc	k99_3674_1-1126.1	1	1126	1125	2	2	0	0.62987	antibacterial	0.82	0.12	0.15	0.28	NA	0.01	0.07	0.06	0.35	0.21	0.04	0.31	k99_3674_k99_3674_1;k99_3674_k99_3674_2	NA	PF06283;PF00890	1747	Cutibacterium acnes
SRR6145060	k99_13692	deepbgc	0.1.0	deepbgc	k99_13692_2111-2393.1	2111	2393	282	1	1	0	0.63702	antibacterial	0.87	0.06	0.17	0.26	NA	0	0.09	0.07	0.33	0.21	0.03	0.32	k99_13692_k99_13692_4	NA	PF11984	9606	Homo sapiens
SRR6145060	k99_7000	deepbgc	0.1.0	deepbgc	k99_7000_2-1085.1	2	1085	1083	1	1	0	0.62425	antibacterial	0.87	0.06	0.17	0.26	NA	0	0.09	0.07	0.33	0.21	0.03	0.32	k99_7000_k99_7000_1	NA	PF01526	468	Moraxellaceae
SRR6145060	k99_7002	deepbgc	0.1.0	deepbgc	k99_7002_1-595.1	1	595	594	1	4	0	0.67271	antibacterial	0.58	0.15	0.16	0.16	RiPP	0	0.03	0.25	0.08	0.56	0.01	0.08	k99_7002_k99_7002_1	NA	PF08704;PF01135;PF13847;PF13649	1234380	Cutibacterium acnes C1
SRR6145060	k99_12131	deepbgc	0.1.0	deepbgc	k99_12131_2-1228.1	2	1228	1226	2	2	0	0.58291	antibacterial	0.87	0.07	0.16	0.26	NA	0	0.09	0.07	0.33	0.21	0.03	0.32	k99_12131_k99_12131_1;k99_12131_k99_12131_2	NA	PF01891;PF02570	1747	Cutibacterium acnes
SRR6145060	k99_12766	deepbgc	0.1.0	deepbgc	k99_12766_2-1094.1	2	1094	1092	1	2	1	0.50985	antibacterial	0.88	0.06	0.16	0.23	RiPP	0	0.03	0.17	0.11	0.55	0.01	0.15	k99_12766_k99_12766_1	PF04055	PF04055;PF13186	1747	Cutibacterium acnes
SRR6145060	k99_4674	deepbgc	0.1.0	deepbgc	k99_4674_363-1002.1	363	1002	639	1	1	0	0.57769	antibacterial	0.87	0.06	0.17	0.26	NA	0	0.09	0.07	0.33	0.21	0.03	0.32	k99_4674_k99_4674_2	NA	PF08666	1747	Cutibacterium acnes
SRR6145060	k99_14497	deepbgc	0.1.0	deepbgc	k99_14497_1-1050.1	1	1050	1049	2	2	0	0.56101	antibacterial	0.86	0.06	0.17	0.27	NA	0	0.08	0.07	0.31	0.19	0.08	0.31	k99_14497_k99_14497_1;k99_14497_k99_14497_2	NA	PF00480;PF01120	1747	Cutibacterium acnes
SRR6145060	k99_13522	deepbgc	0.1.0	deepbgc	k99_13522_1-3980.1	1	3980	3979	6	9	0	0.56938	antibacterial	0.69	0.06	0.13	0.24	RiPP	0	0.03	0.24	0.11	0.55	0	0.07	k99_13522_k99_13522_1;k99_13522_k99_13522_2;k99_13522_k99_13522_3;k99_13522_k99_13522_4;k99_13522_k99_13522_5;k99_13522_k99_13522_6	NA	PF16884;PF01661;PF04343;PF09335;PF00005;PF01078;PF06414;PF13191;PF00528	1747	Cutibacterium acnes
SRR6145060	k99_1099	deepbgc	0.1.0	deepbgc	k99_1099_72-2144.1	72	2144	2072	3	14	0	0.65724	antibacterial	0.59	0.06	0.17	0.27	NA	0.01	0.08	0.21	0.24	0.32	0.01	0.16	k99_1099_k99_1099_1;k99_1099_k99_1099_2;k99_1099_k99_1099_3	NA	PF13671;PF05729;PF13191;PF00196;PF08279;PF07638;PF05985;PF04545;PF08281;PF13412;PF13384;PF13936;PF00072;PF07730	1234380	Cutibacterium acnes C1
SRR6145060	k99_4437	deepbgc	0.1.0	deepbgc	k99_4437_294-4146.1	294	4146	3852	4	6	0	0.78257	antibacterial	0.67	0.03	0.07	0.12	RiPP	0	0.01	0.14	0.06	0.77	0	0.03	k99_4437_k99_4437_1;k99_4437_k99_4437_2;k99_4437_k99_4437_3;k99_4437_k99_4437_4	NA	PF03995;PF03193;PF13555;PF00005;PF13191;PF12270	1234380	Cutibacterium acnes C1
SRR6145060	k99_11464	deepbgc	0.1.0	deepbgc	k99_11464_0-4221.1	0	4221	4221	4	5	1	0.68639	antibacterial	0.84	0.06	0.22	0.29	Other	0	0.01	0.54	0.02	0.02	0	0.41	k99_11464_k99_11464_1;k99_11464_k99_11464_2;k99_11464_k99_11464_3;k99_11464_k99_11464_4	PF00202	PF01960;PF00696;PF00202;PF00206;PF14698	1234380	Cutibacterium acnes C1
SRR6145060	k99_14750	deepbgc	0.1.0	deepbgc	k99_14750_110-842.1	110	842	732	1	1	1	0.66426	antibacterial	0.76	0.06	0.14	0.28	NA	0	0.07	0.25	0.24	0.21	0.03	0.25	k99_14750_k99_14750_1	PF01636	PF01636	1234380	Cutibacterium acnes C1
SRR6145060	k99_3110	deepbgc	0.1.0	deepbgc	k99_3110_0-1386.1	0	1386	1386	1	1	1	0.75866	antibacterial	0.78	0.03	0.21	0.14	NA	0	0.22	0.24	0.32	0.1	0.01	0.11	k99_3110_k99_3110_1	PF00501	PF00501	1747	Cutibacterium acnes
SRR6145060	k99_2853	deepbgc	0.1.0	deepbgc	k99_2853_1-1078.1	1	1078	1077	1	1	0	0.54762	antibacterial	0.87	0.06	0.17	0.26	NA	0	0.09	0.07	0.33	0.21	0.03	0.32	k99_2853_k99_2853_1	NA	PF00115	1747	Cutibacterium acnes
SRR6145060	k99_2921	deepbgc	0.1.0	deepbgc	k99_2921_285-4089.1	285	4089	3804	4	4	0	0.69504	antibacterial	0.87	0.05	0.16	0.24	NA	0.02	0.1	0.14	0.3	0.19	0.02	0.27	k99_2921_k99_2921_1;k99_2921_k99_2921_2;k99_2921_k99_2921_3;k99_2921_k99_2921_4	NA	PF02423;PF00291;PF01648;PF02195	1234380	Cutibacterium acnes C1
SRR6145060	k99_8918	deepbgc	0.1.0	deepbgc	k99_8918_1-2823.1	1	2823	2822	4	3	0	0.67357	antibacterial	0.86	0.06	0.17	0.26	NA	0	0.11	0.1	0.31	0.2	0.03	0.3	k99_8918_k99_8918_1;k99_8918_k99_8918_2;k99_8918_k99_8918_3;k99_8918_k99_8918_4	NA	PF01032;PF01497;PF07927	1747	Cutibacterium acnes
SRR6145060	k99_6833	deepbgc	0.1.0	deepbgc	k99_6833_2-3618.1	2	3618	3616	3	2	0	0.53765	antibacterial	0.87	0.06	0.17	0.26	NA	0	0.09	0.07	0.32	0.22	0.03	0.31	k99_6833_k99_6833_1;k99_6833_k99_6833_2;k99_6833_k99_6833_3	NA	PF01808;PF04185	1747	Cutibacterium acnes
SRR6145060	k99_7423	deepbgc	0.1.0	deepbgc	k99_7423_2-1188.1	2	1188	1186	2	3	0	0.5576	antibacterial	0.83	0.04	0.16	0.23	NA	0	0.06	0.08	0.34	0.28	0.01	0.27	k99_7423_k99_7423_1;k99_7423_k99_7423_2	NA	PF01578;PF04545;PF08281	1747	Cutibacterium acnes
SRR6145060	k99_4104	deepbgc	0.1.0	deepbgc	k99_4104_991-1891.1	991	1891	900	1	3	2	0.50419	antibacterial	0.78	0.15	0.14	0.23	Polyketide	0	0.12	0.04	0.5	0.17	0.11	0.15	k99_4104_k99_4104_2	PF01370;PF04321	PF08338;PF01370;PF04321	1747	Cutibacterium acnes
SRR6145060	k99_696	deepbgc	0.1.0	deepbgc	k99_696_2-1848.1	2	1848	1846	3	3	1	0.77416	antibacterial	0.55	0.03	0.46	0.13	Polyketide-Terpene	0	0.02	0	0.78	0	0.04	0.91	k99_696_k99_696_1;k99_696_k99_696_2;k99_696_k99_696_3	PF00348	PF01337;PF00348;PF02219	1747	Cutibacterium acnes
SRR6145060	k99_9497	deepbgc	0.1.0	deepbgc	k99_9497_2-1077.1	2	1077	1075	2	3	1	0.7967	antibacterial	0.81	0.04	0.18	0.21	NA	0	0.23	0.24	0.32	0.1	0.01	0.11	k99_9497_k99_9497_1;k99_9497_k99_9497_2	PF00501	PF00501;PF02687;PF00501	1747	Cutibacterium acnes
SRR6145060	k99_13196	deepbgc	0.1.0	deepbgc	k99_13196_272-2035.1	272	2035	1763	2	5	1	0.55793	antibacterial	0.88	0.06	0.16	0.23	RiPP	0	0.02	0.18	0.09	0.69	0	0.04	k99_13196_k99_13196_2;k99_13196_k99_13196_3	PF04055	PF13353;PF04055;PF13394;PF13186;PF02514	1234380	Cutibacterium acnes C1
SRR6145060	k99_15645	deepbgc	0.1.0	deepbgc	k99_15645_836-4739.1	836	4739	3903	4	10	2	0.59284	antibacterial	0.54	0.15	0.29	0.13	Other	0	0.09	0.8	0.05	0.02	0.01	0.05	k99_15645_k99_15645_2;k99_15645_k99_15645_3;k99_15645_k99_15645_4;k99_15645_k99_15645_5	PF00155;PF02786	PF00155;PF12897;PF01820;PF02786;PF07478;PF02655;PF02222;PF13535;PF02104;PF12823	1234380	Cutibacterium acnes C1
SRR6145060	k99_15403	deepbgc	0.1.0	deepbgc	k99_15403_438-741.1	438	741	303	1	1	0	0.51345	antibacterial	0.87	0.06	0.17	0.26	NA	0	0.09	0.07	0.33	0.21	0.03	0.32	k99_15403_k99_15403_2	NA	PF11774	1270	Micrococcus luteus
SRR6145060	k99_1775	deepbgc	0.1.0	deepbgc	k99_1775_1-1938.1	1	1938	1937	5	9	0	0.58977	antibacterial	0.7	0.17	0.14	0.35	Polyketide	0	0	0.28	0.66	0.02	0.05	0.04	k99_1775_k99_1775_1;k99_1775_k99_1775_2;k99_1775_k99_1775_3;k99_1775_k99_1775_4;k99_1775_k99_1775_5	NA	PF17124;PF02566;PF12802;PF13463;PF01047;PF01638;PF13601;PF03551;PF07690	1747	Cutibacterium acnes
SRR6145060	k99_1688	deepbgc	0.1.0	deepbgc	k99_1688_4030-4282.1	4030	4282	252	1	1	0	0.52866	antibacterial	0.87	0.06	0.17	0.26	NA	0	0.09	0.07	0.33	0.21	0.03	0.32	k99_1688_k99_1688_5	NA	PF10839	44283	Pasteurella multocida subsp. multocida
SRR6145060	k99_13856	deepbgc	0.1.0	deepbgc	k99_13856_389-1148.1	389	1148	759	1	1	0	0.56538	antibacterial	0.87	0.06	0.18	0.26	NA	0	0.09	0.07	0.33	0.21	0.03	0.32	k99_13856_k99_13856_1	NA	PF03070	1747	Cutibacterium acnes
SRR6145060	k99_13787	deepbgc	0.1.0	deepbgc	k99_13787_338-2026.1	338	2026	1688	2	6	1	0.70439	antibacterial	0.74	0.06	0.13	0.25	Saccharide	0	0.01	0.06	0.04	0.03	0.83	0.04	k99_13787_k99_13787_1;k99_13787_k99_13787_2	PF00534	PF07681;PF13439;PF13579;PF00534;PF13692;PF13524	1747	Cutibacterium acnes
SRR6145060	k99_442	deepbgc	0.1.0	deepbgc	k99_442_303-1434.1	303	1434	1131	2	2	1	0.56724	antibacterial	0.55	0.03	0.46	0.13	Polyketide-Terpene	0	0.02	0.02	0.78	0	0.02	0.89	k99_442_k99_442_2;k99_442_k99_442_3	PF00348	PF00348;PF00590	1747	Cutibacterium acnes
SRR6145060	k99_8163	deepbgc	0.1.0	deepbgc	k99_8163_2-482.1	2	482	480	1	1	0	0.51021	antibacterial	0.87	0.06	0.17	0.26	NA	0	0.08	0.12	0.31	0.21	0.03	0.3	k99_8163_k99_8163_1	NA	PF00528	1234380	Cutibacterium acnes C1
SRR6145060	k99_2359	deepbgc	0.1.0	deepbgc	k99_2359_1-1261.1	1	1261	1260	2	4	3	0.65875	antibacterial	0.9	0.04	0.09	0.2	Polyketide	0.01	0.07	0.03	0.57	0.17	0.03	0.18	k99_2359_k99_2359_1;k99_2359_k99_2359_2	PF00441;PF02770;PF08028	PF16113;PF00441;PF08028;PF02770	1270	Micrococcus luteus
SRR6145060	k99_4353	deepbgc	0.1.0	deepbgc	k99_4353_2-653.1	2	653	651	1	1	0	0.57092	antibacterial	0.87	0.06	0.17	0.26	NA	0	0.09	0.07	0.33	0.21	0.03	0.32	k99_4353_k99_4353_1	NA	PF02126	1747	Cutibacterium acnes
SRR6145060	k99_11888	deepbgc	0.1.0	deepbgc	k99_11888_1-1650.1	1	1650	1649	2	2	0	0.69688	antibacterial	0.85	0.08	0.17	0.27	NA	0	0.11	0.07	0.34	0.2	0.03	0.31	k99_11888_k99_11888_1;k99_11888_k99_11888_2	NA	PF00982;PF00296	1747	Cutibacterium acnes
SRR6145060	k99_623	deepbgc	0.1.0	deepbgc	k99_623_2-617.1	2	617	615	1	1	1	0.52656	antibacterial	0.87	0.06	0.17	0.26	NA	0	0.08	0.06	0.32	0.18	0.1	0.31	k99_623_k99_623_1	PF04932	PF04932	1747	Cutibacterium acnes
SRR6145060	k99_5761	deepbgc	0.1.0	deepbgc	k99_5761_1183-1561.1	1183	1561	378	1	1	0	0.51296	antibacterial	0.87	0.06	0.17	0.26	NA	0	0.09	0.07	0.33	0.21	0.03	0.32	k99_5761_k99_5761_2	NA	PF02754	1747	Cutibacterium acnes
SRR6145060	k99_5849	deepbgc	0.1.0	deepbgc	k99_5849_2-5842.1	2	5842	5840	5	5	1	0.63581	antibacterial	0.79	0.04	0.16	0.27	NA	0	0.1	0.07	0.34	0.26	0.01	0.26	k99_5849_k99_5849_1;k99_5849_k99_5849_2;k99_5849_k99_5849_3;k99_5849_k99_5849_4;k99_5849_k99_5849_5	PF00171	PF00171;PF00654;PF00343;PF08281;PF04545	1747	Cutibacterium acnes
SRR6145060	k99_1779	deepbgc	0.1.0	deepbgc	k99_1779_386-1181.1	386	1181	795	1	4	2	0.53759	inhibitor	0.27	0.05	0.65	0.06	Polyketide	0	0.2	0.07	0.78	0.01	0.01	0.02	k99_1779_k99_1779_2	PF08240;PF00107	PF13602;PF00107;PF01262;PF08240	1747	Cutibacterium acnes
SRR6145060	k99_15240	deepbgc	0.1.0	deepbgc	k99_15240_555-1431.1	555	1431	876	1	2	0	0.57955	antibacterial-antifungal	0.78	0.02	0.2	0.63	Polyketide	0	0.01	0.02	0.94	0.03	0	0.01	k99_15240_k99_15240_1	NA	PF00083;PF07690	1747	Cutibacterium acnes
SRR6145060	k99_3192	deepbgc	0.1.0	deepbgc	k99_3192_2-1082.1	2	1082	1080	1	3	0	0.61853	antibacterial-antifungal	0.71	0.05	0.16	0.51	Polyketide	0	0.01	0.23	0.73	0.02	0.01	0.01	k99_3192_k99_3192_1	NA	PF07690;PF00083;PF13347	1747	Cutibacterium acnes
SRR6145060	k99_10163	deepbgc	0.1.0	deepbgc	k99_10163_664-1516.1	664	1516	852	1	1	0	0.50142	antibacterial	0.87	0.06	0.17	0.26	NA	0	0.09	0.07	0.33	0.21	0.03	0.32	k99_10163_k99_10163_2	NA	PF09754	1747	Cutibacterium acnes
SRR6145060	k99_11398	deepbgc	0.1.0	deepbgc	k99_11398_2-3055.1	2	3055	3053	4	10	6	0.84549	antibacterial	0.66	0.09	0.24	0.25	Polyketide	0.03	0.1	0.14	0.59	0.02	0.03	0.11	k99_11398_k99_11398_1;k99_11398_k99_11398_2;k99_11398_k99_11398_3;k99_11398_k99_11398_4	PF01370;PF00501;PF08659;PF01553;PF02719;PF00106	PF00501;PF01261;PF00106;PF08659;PF01370;PF02719;PF13460;PF13561;PF03435;PF01553	1747	Cutibacterium acnes
SRR6145060	k99_7512	deepbgc	0.1.0	deepbgc	k99_7512_0-4471.1	0	4471	4471	5	7	0	0.75466	antibacterial	0.72	0.03	0.06	0.24	Polyketide	0.07	0.01	0.18	0.54	0	0.01	0.21	k99_7512_k99_7512_1;k99_7512_k99_7512_2;k99_7512_k99_7512_3;k99_7512_k99_7512_4;k99_7512_k99_7512_5	NA	PF03610;PF02734;PF02733;PF05977;PF13347;PF07690;PF01040	1234380	Cutibacterium acnes C1
SRR6145060	k99_7180	deepbgc	0.1.0	deepbgc	k99_7180_1-1894.1	1	1894	1893	1	2	0	0.54116	antibacterial	0.87	0.06	0.18	0.26	NA	0	0.09	0.07	0.32	0.21	0.03	0.33	k99_7180_k99_7180_1	NA	PF01645;PF01493	1747	Cutibacterium acnes
SRR6145060	k99_1189	deepbgc	0.1.0	deepbgc	k99_1189_2-1700.1	2	1700	1698	1	1	0	0.53232	antibacterial	0.87	0.06	0.17	0.26	NA	0	0.09	0.07	0.33	0.21	0.03	0.32	k99_1189_k99_1189_1	NA	PF01841	1747	Cutibacterium acnes
SRR6145060	k99_15408	deepbgc	0.1.0	deepbgc	k99_15408_566-1616.1	566	1616	1050	1	5	3	0.53478	inhibitor	0.27	0.08	0.64	0.06	Polyketide	0.01	0.18	0.1	0.7	0.02	0.03	0.03	k99_15408_k99_15408_2	PF08240;PF01266;PF00107	PF16912;PF13602;PF00107;PF01266;PF08240	1747	Cutibacterium acnes
SRR6145060	k99_14097	deepbgc	0.1.0	deepbgc	k99_14097_0-999.1	0	999	999	1	2	0	0.50289	antibacterial	0.84	0.06	0.17	0.26	NA	0	0.11	0.07	0.32	0.2	0.03	0.32	k99_14097_k99_14097_1	NA	PF13701;PF01609	NA	NA
SRR6145060	k99_3509	deepbgc	0.1.0	deepbgc	k99_3509_0-5428.1	0	5428	5428	5	7	1	0.57049	antibacterial	0.58	0.09	0.37	0.17	Other	0	0.17	0.52	0.12	0.06	0.01	0.14	k99_3509_k99_3509_1;k99_3509_k99_3509_2;k99_3509_k99_3509_3;k99_3509_k99_3509_4;k99_3509_k99_3509_5	PF00155	PF02654;PF02283;PF02277;PF02571;PF00590;PF00155;PF07685	1747	Cutibacterium acnes
SRR6145060	k99_14987	deepbgc	0.1.0	deepbgc	k99_14987_0-1550.1	0	1550	1550	2	2	0	0.5665	antibacterial	0.87	0.06	0.17	0.26	NA	0	0.09	0.07	0.33	0.21	0.03	0.32	k99_14987_k99_14987_1;k99_14987_k99_14987_2	NA	PF08124;PF10022	1747	Cutibacterium acnes
SRR6145060	k99_1360	deepbgc	0.1.0	deepbgc	k99_1360_0-3869.1	0	3869	3869	4	13	2	0.61873	NA	0.41	0.34	0.2	0.02	RiPP	0.01	0.06	0.14	0.05	0.68	0.01	0.06	k99_1360_k99_1360_1;k99_1360_k99_1360_2;k99_1360_k99_1360_3;k99_1360_k99_1360_4	PF08241;PF08242	PF00005;PF03193;PF13555;PF00664;PF13482;PF01209;PF13489;PF13847;PF05219;PF08241;PF07021;PF08242;PF13649	1234380	Cutibacterium acnes C1
SRR6145060	k99_9096	deepbgc	0.1.0	deepbgc	k99_9096_326-866.1	326	866	540	1	3	0	0.58294	antibacterial	0.8	0.13	0.16	0.22	NA	0	0.06	0.27	0.28	0.18	0.04	0.23	k99_9096_k99_9096_2	NA	PF13463;PF01047;PF12802	1747	Cutibacterium acnes
SRR6145060	k99_10658	deepbgc	0.1.0	deepbgc	k99_10658_2-3628.1	2	3628	3626	4	8	1	0.60159	antibacterial	0.72	0.05	0.16	0.33	Other	0	0.02	0.6	0.02	0.01	0.03	0.32	k99_10658_k99_10658_1;k99_10658_k99_10658_2;k99_10658_k99_10658_3;k99_10658_k99_10658_4	PF00202	PF01174;PF00202;PF07755;PF13500;PF01656;PF03205;PF13520;PF00324	1747	Cutibacterium acnes
SRR6145060	k99_15756	deepbgc	0.1.0	deepbgc	k99_15756_356-3084.1	356	3084	2728	3	3	0	0.61512	antibacterial	0.88	0.06	0.16	0.26	NA	0	0.1	0.09	0.33	0.19	0.03	0.31	k99_15756_k99_15756_2;k99_15756_k99_15756_3;k99_15756_k99_15756_4	NA	PF01566;PF01613;PF00274	1234380	Cutibacterium acnes C1
SRR6145060	k99_13207	deepbgc	0.1.0	deepbgc	k99_13207_384-1596.1	384	1596	1212	1	4	0	0.53339	antibacterial	0.85	0.08	0.17	0.25	NA	0	0.08	0.19	0.26	0.18	0.07	0.26	k99_13207_k99_13207_1	NA	PF12802;PF09339;PF00480;PF15867	1747	Cutibacterium acnes
SRR6145060	k99_14194	deepbgc	0.1.0	deepbgc	k99_14194_58-1165.1	58	1165	1107	2	2	0	0.62562	antibacterial	0.87	0.06	0.17	0.26	NA	0	0.09	0.07	0.33	0.21	0.03	0.32	k99_14194_k99_14194_1;k99_14194_k99_14194_2	NA	PF11305;PF13672	1747	Cutibacterium acnes
SRR6145060	k99_9837	deepbgc	0.1.0	deepbgc	k99_9837_0-993.1	0	993	993	2	2	1	0.62163	antibacterial	0.83	0.05	0.16	0.29	NA	0.05	0.08	0.07	0.3	0.21	0.03	0.31	k99_9837_k99_9837_1;k99_9837_k99_9837_2	PF00248	PF00248;PF02698	1747	Cutibacterium acnes
SRR6145060	k99_9421	deepbgc	0.1.0	deepbgc	k99_9421_426-3232.1	426	3232	2806	3	8	4	0.59117	antibacterial	0.75	0.3	0.14	0.08	Other	0.02	0.13	0.54	0.22	0.02	0.15	0.05	k99_9421_k99_9421_2;k99_9421_k99_9421_3;k99_9421_k99_9421_4	PF02894;PF01041;PF00155;PF01408	PF02894;PF01408;PF02629;PF01041;PF00155;PF01053;PF00132;PF14602	1747	Cutibacterium acnes
SRR6145060	k99_6679	deepbgc	0.1.0	deepbgc	k99_6679_1571-10398.1	1571	10398	8827	12	20	0	0.89502	antibacterial	0.74	0.11	0.04	0.15	RiPP	0	0.06	0.06	0.05	0.82	0	0.01	k99_6679_k99_6679_3;k99_6679_k99_6679_4;k99_6679_k99_6679_5;k99_6679_k99_6679_6;k99_6679_k99_6679_7;k99_6679_k99_6679_8;k99_6679_k99_6679_9;k99_6679_k99_6679_10;k99_6679_k99_6679_11;k99_6679_k99_6679_12;k99_6679_k99_6679_13;k99_6679_k99_6679_14	NA	PF06792;PF06792;PF00196;PF04545;PF08281;PF13412;PF00072;PF02518;PF13581;PF07730;PF00005;PF13476;PF13555;PF13191;PF03193;PF02463;PF13304;PF02687;PF00872;PF00440	1747	Cutibacterium acnes
SRR6145060	k99_7523	deepbgc	0.1.0	deepbgc	k99_7523_1657-2473.1	1657	2473	816	1	1	0	0.53939	antibacterial	0.87	0.06	0.17	0.26	NA	0	0.09	0.07	0.33	0.21	0.03	0.32	k99_7523_k99_7523_4	NA	PF00116	1234380	Cutibacterium acnes C1
SRR6145060	k99_14599	deepbgc	0.1.0	deepbgc	k99_14599_2-824.1	2	824	822	1	3	1	0.58941	antibacterial	0.81	0.08	0.13	0.31	Polyketide	0	0.16	0.05	0.71	0.04	0	0.04	k99_14599_k99_14599_1	PF00378	PF12697;PF16113;PF00378	1747	Cutibacterium acnes
SRR6145060	k99_1531	deepbgc	0.1.0	deepbgc	k99_1531_2-1343.1	2	1343	1341	1	4	0	0.61737	antibacterial	0.66	0.04	0.2	0.49	Polyketide	0	0.01	0.27	0.67	0.01	0.03	0.03	k99_1531_k99_1531_1	NA	PF00083;PF07690;PF06779;PF13347	1234380	Cutibacterium acnes C1
SRR6145060	k99_9176	deepbgc	0.1.0	deepbgc	k99_9176_0-1383.1	0	1383	1383	1	1	0	0.60642	antibacterial	0.87	0.06	0.17	0.26	NA	0	0.09	0.07	0.33	0.21	0.03	0.32	k99_9176_k99_9176_1	NA	PF05593	1747	Cutibacterium acnes
SRR6145060	k99_10423	deepbgc	0.1.0	deepbgc	k99_10423_0-201.1	0	201	201	1	1	0	0.60717	antibacterial	0.87	0.06	0.17	0.26	NA	0	0.09	0.07	0.33	0.21	0.03	0.32	k99_10423_k99_10423_1	NA	PF13829	1747	Cutibacterium acnes
SRR6145060	k99_4518	deepbgc	0.1.0	deepbgc	k99_4518_0-1807.1	0	1807	1807	2	2	1	0.67816	antibacterial	0.83	0.06	0.15	0.25	NA	0	0.09	0.07	0.26	0.16	0.07	0.44	k99_4518_k99_4518_1;k99_4518_k99_4518_2	PF01593	PF01593;PF01379	1747	Cutibacterium acnes
SRR6145060	k99_2527	deepbgc	0.1.0	deepbgc	k99_2527_0-315.1	0	315	315	1	1	0	0.61863	antibacterial	0.8	0.04	0.16	0.46	Polyketide	0	0	0.01	0.92	0.01	0.01	0.05	k99_2527_k99_2527_1	NA	PF07690	1747	Cutibacterium acnes
SRR6145060	k99_13950	deepbgc	0.1.0	deepbgc	k99_13950_326-476.1	326	476	150	1	1	0	0.53795	antibacterial	0.87	0.06	0.17	0.26	NA	0	0.09	0.07	0.33	0.21	0.03	0.32	k99_13950_k99_13950_2	NA	PF07223	1747	Cutibacterium acnes
SRR6145060	k99_14105	deepbgc	0.1.0	deepbgc	k99_14105_316-1024.1	316	1024	708	1	1	0	0.52866	antibacterial	0.87	0.06	0.17	0.26	NA	0	0.09	0.07	0.33	0.21	0.03	0.32	k99_14105_k99_14105_1	NA	PF15788	9606	Homo sapiens
SRR6145060	k99_5036	deepbgc	0.1.0	deepbgc	k99_5036_1-700.1	1	700	699	1	5	2	0.70105	antibacterial	0.53	0.1	0.06	0.45	NA	0	0.4	0.16	0.36	0.05	0.02	0.03	k99_5036_k99_5036_1	PF00975;PF00561	PF00561;PF12697;PF00756;PF00975;PF12146	1234380	Cutibacterium acnes C1
SRR6145060	k99_5036	deepbgc	0.1.0	deepbgc	k99_5036_1594-1816.1	1594	1816	222	1	1	0	0.63491	antibacterial	0.87	0.06	0.17	0.26	NA	0	0.09	0.07	0.33	0.21	0.03	0.32	k99_5036_k99_5036_3	NA	PF09754	1234380	Cutibacterium acnes C1
SRR6145060	k99_11480	deepbgc	0.1.0	deepbgc	k99_11480_2-1361.1	2	1361	1359	1	1	0	0.61946	antibacterial	0.87	0.06	0.17	0.26	NA	0.03	0.1	0.07	0.31	0.2	0.03	0.33	k99_11480_k99_11480_1	NA	PF00456	1747	Cutibacterium acnes
SRR6145060	k99_15760	deepbgc	0.1.0	deepbgc	k99_15760_247-1495.1	247	1495	1248	1	2	1	0.54565	antibacterial	0.76	0.05	0.13	0.29	NA	0	0.34	0.09	0.28	0.15	0.02	0.16	k99_15760_k99_15760_1	PF00561	PF00561;PF12146	1234380	Cutibacterium acnes C1
SRR6145060	k99_7757	deepbgc	0.1.0	deepbgc	k99_7757_337-847.1	337	847	510	1	2	0	0.65209	antibacterial	0.86	0.1	0.16	0.24	NA	0	0.09	0.06	0.38	0.2	0.03	0.29	k99_7757_k99_7757_2	NA	PF10604;PF10698	1747	Cutibacterium acnes
SRR6145060	k99_12716	deepbgc	0.1.0	deepbgc	k99_12716_47-1058.1	47	1058	1011	1	1	0	0.54048	antibacterial	0.97	0.03	0.05	0.12	Other	0	0.02	0.71	0.09	0.04	0.02	0.14	k99_12716_k99_12716_1	NA	PF00221	1270	Micrococcus luteus
SRR6145060	k99_14845	deepbgc	0.1.0	deepbgc	k99_14845_3623-4376.1	3623	4376	753	1	9	0	0.69422	antibacterial	0.67	0.05	0.1	0.11	RiPP	0	0.02	0.17	0.05	0.72	0.01	0.03	k99_14845_k99_14845_5	NA	PF00437;PF01078;PF03193;PF00005;PF13481;PF13191;PF05783;PF13555;PF02463	1747	Cutibacterium acnes
SRR6145060	k99_11336	deepbgc	0.1.0	deepbgc	k99_11336_619-1036.1	619	1036	417	1	1	0	0.61863	antibacterial	0.8	0.04	0.16	0.46	Polyketide	0	0	0.01	0.92	0.01	0.01	0.05	k99_11336_k99_11336_2	NA	PF07690	1747	Cutibacterium acnes
SRR6145060	k99_11979	deepbgc	0.1.0	deepbgc	k99_11979_0-1122.1	0	1122	1122	1	1	0	0.55313	antibacterial	0.87	0.06	0.17	0.26	NA	0	0.09	0.07	0.33	0.21	0.03	0.32	k99_11979_k99_11979_1	NA	PF02277	1747	Cutibacterium acnes
SRR6145060	k99_12961	deepbgc	0.1.0	deepbgc	k99_12961_2-206.1	2	206	204	1	1	0	0.56616	antibacterial	0.87	0.06	0.17	0.26	NA	0	0.09	0.07	0.33	0.21	0.03	0.32	k99_12961_k99_12961_1	NA	PF00338	1747	Cutibacterium acnes
SRR6145060	k99_13957	deepbgc	0.1.0	deepbgc	k99_13957_416-1292.1	416	1292	876	1	8	1	0.57548	NA	0.43	0.35	0.15	0.07	NA	0.01	0.02	0.23	0.07	0.42	0	0.25	k99_13957_k99_13957_2	PF08241	PF06325;PF01209;PF03602;PF13847;PF05175;PF13649;PF08241;PF01170	1234380	Cutibacterium acnes C1
SRR6145060	k99_6269	deepbgc	0.1.0	deepbgc	k99_6269_673-1856.1	673	1856	1183	2	6	2	0.62411	antibacterial	0.81	0.01	0.18	0.07	NA	0.01	0.01	0.02	0.06	0.41	0	0.49	k99_6269_k99_6269_2;k99_6269_k99_6269_3	PF08659;PF00106	PF13561;PF00106;PF08659;PF13561;PF00106;PF08659	1234380	Cutibacterium acnes C1
SRR6145060	k99_12160	deepbgc	0.1.0	deepbgc	k99_12160_0-1107.1	0	1107	1107	1	1	0	0.61863	antibacterial	0.8	0.04	0.16	0.46	Polyketide	0	0	0.01	0.92	0.01	0.01	0.05	k99_12160_k99_12160_1	NA	PF07690	1747	Cutibacterium acnes
SRR6145060	k99_11578	deepbgc	0.1.0	deepbgc	k99_11578_319-2086.1	319	2086	1767	1	2	0	0.58666	antibacterial	0.82	0.03	0.13	0.17	RiPP	0	0.02	0.22	0.04	0.69	0	0.03	k99_11578_k99_11578_2	NA	PF00005;PF00664	1747	Cutibacterium acnes
SRR6145060	k99_947	deepbgc	0.1.0	deepbgc	k99_947_2-2146.1	2	2146	2144	2	8	0	0.52882	antibacterial	0.55	0.07	0.13	0.27	Polyketide	0	0.01	0.36	0.55	0.04	0.02	0.03	k99_947_k99_947_1;k99_947_k99_947_2	NA	PF13347;PF07690;PF01595;PF13542;PF09339;PF00440;PF00356;PF00532	1747	Cutibacterium acnes
SRR6145060	k99_8787	deepbgc	0.1.0	deepbgc	k99_8787_1-1692.1	1	1692	1691	3	2	0	0.55911	antibacterial	0.77	0.12	0.14	0.2	NA	0	0.05	0.44	0.25	0.13	0.02	0.14	k99_8787_k99_8787_1;k99_8787_k99_8787_2;k99_8787_k99_8787_3	NA	PF07992;PF04480	1747	Cutibacterium acnes
SRR6145060	k99_15767	deepbgc	0.1.0	deepbgc	k99_15767_2-3037.1	2	3037	3035	3	6	0	0.58376	antibacterial	0.81	0.14	0.14	0.27	NA	0.01	0.09	0.28	0.23	0.17	0.04	0.22	k99_15767_k99_15767_1;k99_15767_k99_15767_2;k99_15767_k99_15767_3	NA	PF00300;PF03186;PF13500;PF01656;PF07685;PF01965	1747	Cutibacterium acnes
SRR6145060	k99_11915	deepbgc	0.1.0	deepbgc	k99_11915_2-1091.1	2	1091	1089	1	1	0	0.50922	antibacterial	0.87	0.06	0.17	0.26	NA	0	0.09	0.07	0.33	0.21	0.03	0.32	k99_11915_k99_11915_1	NA	PF05088	1234380	Cutibacterium acnes C1
SRR6145060	k99_3713	deepbgc	0.1.0	deepbgc	k99_3713_38-455.1	38	455	417	1	1	0	0.50276	antibacterial	0.87	0.06	0.17	0.26	NA	0.01	0.09	0.07	0.32	0.21	0.03	0.32	k99_3713_k99_3713_1	NA	PF00724	1747	Cutibacterium acnes
SRR6145060	k99_1883	deepbgc	0.1.0	deepbgc	k99_1883_2-2894.1	2	2894	2892	1	1	0	0.567	antibacterial	0.87	0.06	0.17	0.26	NA	0	0.09	0.07	0.33	0.21	0.03	0.32	k99_1883_k99_1883_1	NA	PF02514	1747	Cutibacterium acnes
SRR6145060	k99_13625	deepbgc	0.1.0	deepbgc	k99_13625_2-3526.1	2	3526	3524	2	4	0	0.54073	antibacterial	0.87	0.06	0.18	0.25	NA	0	0.09	0.14	0.3	0.2	0.03	0.3	k99_13625_k99_13625_1;k99_13625_k99_13625_2	NA	PF09043;PF16554;PF02310;PF13941	1747	Cutibacterium acnes
SRR6145060	k99_7696	deepbgc	0.1.0	deepbgc	k99_7696_1-505.1	1	505	504	1	1	0	0.50671	antibacterial	0.87	0.06	0.17	0.26	NA	0	0.09	0.07	0.33	0.21	0.03	0.32	k99_7696_k99_7696_1	NA	PF00687	1747	Cutibacterium acnes
SRR6145060	k99_2122	deepbgc	0.1.0	deepbgc	k99_2122_127-1423.1	127	1423	1296	1	3	0	0.56061	antibacterial-antifungal	0.76	0.02	0.2	0.59	Polyketide	0.02	0	0.13	0.82	0.02	0	0	k99_2122_k99_2122_1	NA	PF00083;PF12832;PF07690	1747	Cutibacterium acnes
SRR6145060	k99_15344	deepbgc	0.1.0	deepbgc	k99_15344_0-2176.1	0	2176	2176	3	2	0	0.81342	antibacterial	0.91	0.04	0.1	0.18	NA	0	0.14	0.19	0.44	0.1	0	0.15	k99_15344_k99_15344_1;k99_15344_k99_15344_2;k99_15344_k99_15344_3	NA	PF00425;PF13193	1747	Cutibacterium acnes
SRR6145060	k99_13139	deepbgc	0.1.0	deepbgc	k99_13139_2-1556.1	2	1556	1554	1	1	0	0.567	antibacterial	0.87	0.06	0.17	0.26	NA	0	0.09	0.07	0.33	0.21	0.03	0.32	k99_13139_k99_13139_1	NA	PF02514	1747	Cutibacterium acnes
SRR6145060	k99_10762	deepbgc	0.1.0	deepbgc	k99_10762_0-1134.1	0	1134	1134	1	2	0	0.60409	antibacterial	0.69	0.07	0.16	0.38	Polyketide	0	0.01	0.2	0.74	0.01	0.02	0.04	k99_10762_k99_10762_1	NA	PF07690;PF13347	1747	Cutibacterium acnes
SRR6145060	k99_15098	deepbgc	0.1.0	deepbgc	k99_15098_2-728.1	2	728	726	1	1	1	0.60435	antibacterial	0.86	0.06	0.17	0.25	NA	0	0.07	0.36	0.21	0.14	0.03	0.25	k99_15098_k99_15098_1	PF01553	PF01553	1234380	Cutibacterium acnes C1
SRR6145060	k99_10855	deepbgc	0.1.0	deepbgc	k99_10855_118-4903.1	118	4903	4785	5	14	0	0.76888	antibacterial	0.68	0.09	0.15	0.12	RiPP	0	0.04	0.04	0.03	0.88	0.01	0.01	k99_10855_k99_10855_1;k99_10855_k99_10855_2;k99_10855_k99_10855_3;k99_10855_k99_10855_4;k99_10855_k99_10855_5	NA	PF12698;PF12679;PF13732;PF13304;PF00005;PF00196;PF08281;PF01371;PF13936;PF07638;PF00072;PF02518;PF07730;PF01702	1747	Cutibacterium acnes
SRR6145060	k99_3461	deepbgc	0.1.0	deepbgc	k99_3461_1-1177.1	1	1177	1176	2	2	0	0.65381	antibacterial	0.77	0.12	0.14	0.2	NA	0	0.06	0.44	0.25	0.11	0.02	0.14	k99_3461_k99_3461_1;k99_3461_k99_3461_2	NA	PF07992;PF17197	1747	Cutibacterium acnes
SRR6145060	k99_3462	deepbgc	0.1.0	deepbgc	k99_3462_0-1020.1	0	1020	1020	1	1	0	0.72585	antibacterial	0.87	0.06	0.17	0.26	NA	0	0.08	0.05	0.32	0.21	0.07	0.32	k99_3462_k99_3462_1	NA	PF13229	1747	Cutibacterium acnes
SRR6145060	k99_15608	deepbgc	0.1.0	deepbgc	k99_15608_36-489.1	36	489	453	1	2	0	0.55534	antibacterial	0.86	0.06	0.17	0.26	Saccharide-Terpene	0	0.02	0.03	0.13	0.08	0.66	0.76	k99_15608_k99_15608_1	NA	PF02554;PF00487	1747	Cutibacterium acnes
SRR6145060	k99_14129	deepbgc	0.1.0	deepbgc	k99_14129_2-1247.1	2	1247	1245	1	7	0	0.68872	inhibitor	0.27	0.04	0.59	0.1	NA	0.02	0.15	0.28	0.26	0.2	0.01	0.09	k99_14129_k99_14129_1	NA	PF07690;PF06609;PF00083;PF06779;PF03209;PF05977;PF13347	1747	Cutibacterium acnes
SRR6145060	k99_4708	deepbgc	0.1.0	deepbgc	k99_4708_2-395.1	2	395	393	1	1	0	0.65361	antibacterial	0.87	0.06	0.17	0.26	NA	0	0.09	0.07	0.33	0.21	0.03	0.32	k99_4708_k99_4708_1	NA	PF11253	1747	Cutibacterium acnes
SRR6145060	k99_10439	deepbgc	0.1.0	deepbgc	k99_10439_2932-3091.1	2932	3091	159	1	1	1	0.57004	antibacterial	0.86	0.06	0.18	0.25	NA	0	0.09	0.12	0.33	0.2	0.03	0.29	k99_10439_k99_10439_7	PF00903	PF00903	1747	Cutibacterium acnes
SRR6145060	k99_4777	deepbgc	0.1.0	deepbgc	k99_4777_2-2305.1	2	2305	2303	4	12	0	0.75746	antibacterial	0.68	0.09	0.18	0.12	RiPP	0	0.05	0.04	0.03	0.88	0.01	0	k99_4777_k99_4777_1;k99_4777_k99_4777_2;k99_4777_k99_4777_3;k99_4777_k99_4777_4	NA	PF01891;PF02553;PF02361;PF00005;PF13476;PF13555;PF13521;PF02463;PF13191;PF05729;PF13401;PF13304	1747	Cutibacterium acnes
SRR6145060	k99_3526	deepbgc	0.1.0	deepbgc	k99_3526_0-2397.1	0	2397	2397	3	2	0	0.63312	antibacterial	0.8	0.04	0.16	0.46	Polyketide	0	0	0.01	0.92	0.01	0.01	0.05	k99_3526_k99_3526_1;k99_3526_k99_3526_2;k99_3526_k99_3526_3	NA	PF04834;PF07690	1747	Cutibacterium acnes
SRR6145060	k99_14939	deepbgc	0.1.0	deepbgc	k99_14939_0-342.1	0	342	342	1	2	0	0.50922	antibacterial	0.8	0.05	0.17	0.2	NA	0	0.04	0.31	0.08	0.49	0.02	0.08	k99_14939_k99_14939_1	NA	PF00005;PF02463	1747	Cutibacterium acnes
SRR6145060	k99_14939	deepbgc	0.1.0	deepbgc	k99_14939_3423-3744.1	3423	3744	321	1	1	0	0.68121	antibacterial	0.87	0.06	0.17	0.26	NA	0	0.09	0.07	0.33	0.22	0.03	0.31	k99_14939_k99_14939_4	NA	PF03995	1747	Cutibacterium acnes
SRR6145060	k99_4036	deepbgc	0.1.0	deepbgc	k99_4036_0-2102.1	0	2102	2102	3	5	1	0.6788	antibacterial	0.68	0.07	0.12	0.16	NA	0	0.02	0.44	0.08	0.34	0	0.12	k99_4036_k99_4036_1;k99_4036_k99_4036_2;k99_4036_k99_4036_3	PF04055	PF04055;PF00440;PF02909;PF01316;PF02863	1747	Cutibacterium acnes
SRR6145060	k99_2637	deepbgc	0.1.0	deepbgc	k99_2637_712-2061.1	712	2061	1349	3	6	0	0.58312	antibacterial	0.7	0.17	0.13	0.33	NA	0.04	0.24	0.11	0.26	0.19	0	0.17	k99_2637_k99_2637_2;k99_2637_k99_2637_3;k99_2637_k99_2637_4	NA	PF05448;PF12697;PF07859;PF00326;PF05448;PF00300	1747	Cutibacterium acnes
SRR6145060	k99_13155	deepbgc	0.1.0	deepbgc	k99_13155_1-1697.1	1	1697	1696	2	2	0	0.70237	antibacterial	0.87	0.06	0.17	0.26	NA	0	0.09	0.12	0.32	0.19	0.03	0.3	k99_13155_k99_13155_1;k99_13155_k99_13155_2	NA	PF01032;PF04954	1747	Cutibacterium acnes
SRR6145060	k99_8366	deepbgc	0.1.0	deepbgc	k99_8366_1-214.1	1	214	213	1	1	0	0.53422	antibacterial	0.87	0.06	0.17	0.26	NA	0	0.09	0.07	0.33	0.21	0.03	0.32	k99_8366_k99_8366_1	NA	PF02572	1747	Cutibacterium acnes
SRR6145060	k99_5688	deepbgc	0.1.0	deepbgc	k99_5688_147-1899.1	147	1899	1752	1	1	0	0.52866	antibacterial	0.87	0.06	0.17	0.26	NA	0	0.09	0.07	0.33	0.21	0.03	0.32	k99_5688_k99_5688_1	NA	PF15870	9606	Homo sapiens
SRR6145060	k99_15821	deepbgc	0.1.0	deepbgc	k99_15821_980-1328.1	980	1328	348	1	1	0	0.5429	antibacterial	0.87	0.09	0.19	0.25	NA	0	0.09	0.15	0.32	0.19	0.02	0.27	k99_15821_k99_15821_2	NA	PF13241	1747	Cutibacterium acnes
SRR6145060	k99_7111	deepbgc	0.1.0	deepbgc	k99_7111_4-1426.1	4	1426	1422	1	2	0	0.58508	antibacterial	0.87	0.06	0.17	0.26	NA	0	0.09	0.07	0.33	0.21	0.03	0.32	k99_7111_k99_7111_1	NA	PF00120;PF03951	1747	Cutibacterium acnes
SRR6145060	k99_12487	deepbgc	0.1.0	deepbgc	k99_12487_0-1142.1	0	1142	1142	3	3	0	0.58392	antibacterial	0.87	0.06	0.17	0.26	NA	0	0.09	0.07	0.33	0.21	0.03	0.32	k99_12487_k99_12487_1;k99_12487_k99_12487_2;k99_12487_k99_12487_3	NA	PF14690;PF00893;PF00893	1274	Dermacoccus nishinomiyaensis
SRR6145060	k99_2539	deepbgc	0.1.0	deepbgc	k99_2539_2-4231.1	2	4231	4229	5	4	1	0.65775	antibacterial	0.86	0.06	0.15	0.25	NA	0.01	0.06	0.4	0.17	0.11	0.08	0.22	k99_2539_k99_2539_1;k99_2539_k99_2539_2;k99_2539_k99_2539_3;k99_2539_k99_2539_4;k99_2539_k99_2539_5	PF01553	PF00480;PF01553;PF01553;PF01474	1747	Cutibacterium acnes
SRR6145060	k99_7621	deepbgc	0.1.0	deepbgc	k99_7621_2-2308.1	2	2308	2306	3	6	0	0.73801	antibacterial	0.6	0.15	0.25	0.16	RiPP	0	0.01	0.1	0.04	0.81	0.03	0.03	k99_7621_k99_7621_1;k99_7621_k99_7621_2;k99_7621_k99_7621_3	NA	PF00005;PF13304;PF01061;PF12698;PF13346;PF07730	1747	Cutibacterium acnes
SRR6145060	k99_8123	deepbgc	0.1.0	deepbgc	k99_8123_1481-2288.1	1481	2288	807	1	2	1	0.526	antibacterial	0.76	0.06	0.14	0.28	NA	0	0.07	0.25	0.24	0.21	0.03	0.25	k99_8123_k99_8123_2	PF01636	PF01636;PF03881	1234380	Cutibacterium acnes C1
SRR6145060	k99_11263	deepbgc	0.1.0	deepbgc	k99_11263_759-1545.1	759	1545	786	1	1	0	0.60447	antibacterial	0.87	0.06	0.17	0.26	NA	0	0.09	0.07	0.34	0.21	0.03	0.31	k99_11263_k99_11263_2	NA	PF01717	34062	Moraxella osloensis
SRR6145060	k99_13232	deepbgc	0.1.0	deepbgc	k99_13232_0-1207.1	0	1207	1207	2	3	1	0.64874	antibacterial-antifungal	0.78	0.03	0.2	0.62	Polyketide	0	0.01	0.07	0.88	0.03	0.01	0	k99_13232_k99_13232_1;k99_13232_k99_13232_2	PF02894	PF02894;PF00083;PF07690	1747	Cutibacterium acnes
SRR6145060	k99_5950	deepbgc	0.1.0	deepbgc	k99_5950_494-2171.1	494	2171	1677	1	2	0	0.76213	antibacterial	0.87	0.07	0.17	0.26	NA	0	0.1	0.07	0.33	0.21	0.03	0.31	k99_5950_k99_5950_2	NA	PF11716;PF07398	1747	Cutibacterium acnes
SRR6145060	k99_12003	deepbgc	0.1.0	deepbgc	k99_12003_2-173.1	2	173	171	1	1	0	0.59036	antibacterial	0.67	0.04	0.34	0.16	NA	0.02	0.15	0.06	0.18	0.22	0.02	0.4	k99_12003_k99_12003_1	NA	PF13561	1747	Cutibacterium acnes
SRR6145060	k99_7114	deepbgc	0.1.0	deepbgc	k99_7114_2-329.1	2	329	327	1	1	0	0.51741	antibacterial	0.87	0.06	0.17	0.26	NA	0	0.1	0.09	0.32	0.2	0.03	0.31	k99_7114_k99_7114_1	NA	PF01032	1747	Cutibacterium acnes
SRR6145060	k99_968	deepbgc	0.1.0	deepbgc	k99_968_0-1194.1	0	1194	1194	1	2	0	0.50185	antibacterial	0.87	0.06	0.17	0.26	NA	0	0.09	0.07	0.33	0.2	0.04	0.32	k99_968_k99_968_1	NA	PF00582;PF02702	1747	Cutibacterium acnes
SRR6145060	k99_2311	deepbgc	0.1.0	deepbgc	k99_2311_2-1076.1	2	1076	1074	2	2	0	0.52154	antibacterial	0.82	0.06	0.16	0.32	NA	0	0.09	0.07	0.31	0.19	0.08	0.3	k99_2311_k99_2311_1;k99_2311_k99_2311_2	NA	PF00557;PF00480	1270	Micrococcus luteus
SRR6145060	k99_9701	deepbgc	0.1.0	deepbgc	k99_9701_2-1888.1	2	1888	1886	2	2	0	0.59634	antibacterial	0.82	0.04	0.13	0.22	RiPP	0	0.05	0.19	0.11	0.52	0.03	0.13	k99_9701_k99_9701_1;k99_9701_k99_9701_2	NA	PF00005;PF02653	1234380	Cutibacterium acnes C1
SRR6145060	k99_9702	deepbgc	0.1.0	deepbgc	k99_9702_0-2392.1	0	2392	2392	2	2	0	0.55075	antibacterial	0.86	0.06	0.17	0.27	NA	0	0.08	0.07	0.31	0.19	0.08	0.31	k99_9702_k99_9702_1;k99_9702_k99_9702_2	NA	PF00480;PF00268	1747	Cutibacterium acnes
SRR6145060	k99_6377	deepbgc	0.1.0	deepbgc	k99_6377_2-3067.1	2	3067	3065	5	8	2	0.68706	antibacterial	0.63	0.17	0.15	0.11	NA	0	0.03	0.13	0.12	0.27	0.03	0.44	k99_6377_k99_6377_1;k99_6377_k99_6377_2;k99_6377_k99_6377_3;k99_6377_k99_6377_4;k99_6377_k99_6377_5	PF08659;PF00106	PF00294;PF01081;PF00106;PF08659;PF13561;PF07992;PF00890;PF00890	1747	Cutibacterium acnes
SRR6145060	k99_1980	deepbgc	0.1.0	deepbgc	k99_1980_1377-1761.1	1377	1761	384	1	1	0	0.5062	antibacterial	0.87	0.06	0.17	0.26	NA	0	0.1	0.08	0.33	0.2	0.02	0.31	k99_1980_k99_1980_2	NA	PF01648	1747	Cutibacterium acnes
SRR6145060	k99_11094	deepbgc	0.1.0	deepbgc	k99_11094_1-868.1	1	868	867	1	3	0	0.62284	antibacterial-antifungal	0.78	0.02	0.18	0.6	Polyketide	0.02	0.01	0.04	0.9	0.03	0	0.01	k99_11094_k99_11094_1	NA	PF07690;PF05977;PF00083	1234380	Cutibacterium acnes C1
SRR6145060	k99_12008	deepbgc	0.1.0	deepbgc	k99_12008_2192-4035.1	2192	4035	1843	2	3	1	0.52774	antibacterial	0.62	0.05	0.38	0.15	NA	0	0.37	0.07	0.31	0.1	0.02	0.16	k99_12008_k99_12008_3;k99_12008_k99_12008_4	PF00107	PF02518;PF07730;PF00107	1747	Cutibacterium acnes
SRR6145060	k99_13320	deepbgc	0.1.0	deepbgc	k99_13320_2-1215.1	2	1215	1213	2	2	0	0.61108	antibacterial	0.87	0.06	0.17	0.26	NA	0	0.09	0.07	0.33	0.21	0.03	0.32	k99_13320_k99_13320_1;k99_13320_k99_13320_2	NA	PF01458;PF01458	1747	Cutibacterium acnes
SRR6145060	k99_3795	deepbgc	0.1.0	deepbgc	k99_3795_0-1772.1	0	1772	1772	3	6	1	0.59415	antibacterial	0.82	0.09	0.08	0.16	RiPP	0.05	0.05	0.09	0.07	0.66	0.02	0.08	k99_3795_k99_3795_1;k99_3795_k99_3795_2;k99_3795_k99_3795_3	PF00355	PF01458;PF13806;PF00355;PF00005;PF13481;PF13555	1747	Cutibacterium acnes
SRR6145060	k99_4538	deepbgc	0.1.0	deepbgc	k99_4538_2-1022.1	2	1022	1020	1	1	0	0.6097	antibacterial	0.87	0.06	0.18	0.26	NA	0	0.09	0.07	0.32	0.21	0.03	0.33	k99_4538_k99_4538_1	NA	PF01645	34062	Moraxella osloensis
SRR6145060	k99_9450	deepbgc	0.1.0	deepbgc	k99_9450_185-2161.1	185	2161	1976	2	3	0	0.52257	antibacterial	0.8	0.06	0.16	0.25	NA	0	0.09	0.11	0.3	0.21	0.03	0.32	k99_9450_k99_9450_1;k99_9450_k99_9450_2	NA	PF03786;PF01261;PF08125	1747	Cutibacterium acnes
SRR6145060	k99_15827	deepbgc	0.1.0	deepbgc	k99_15827_2-5484.1	2	5484	5482	8	9	0	0.70989	antibacterial	0.87	0.06	0.17	0.26	NA	0	0.09	0.07	0.33	0.21	0.03	0.32	k99_15827_k99_15827_1;k99_15827_k99_15827_2;k99_15827_k99_15827_3;k99_15827_k99_15827_4;k99_15827_k99_15827_5;k99_15827_k99_15827_6;k99_15827_k99_15827_7;k99_15827_k99_15827_8	NA	PF02306;PF02305;PF04726;PF02925;PF12025;PF05840;PF04687;PF04286;PF02306	2	Bacteria
SRR6145060	k99_14951	deepbgc	0.1.0	deepbgc	k99_14951_0-7448.1	0	7448	7448	6	15	0	0.7393	antibacterial	0.8	0.02	0.07	0.05	RiPP	0	0.04	0.15	0.02	0.79	0.01	0	k99_14951_k99_14951_1;k99_14951_k99_14951_2;k99_14951_k99_14951_3;k99_14951_k99_14951_4;k99_14951_k99_14951_5;k99_14951_k99_14951_6	NA	PF00575;PF04213;PF01497;PF01032;PF00950;PF00005;PF13555;PF13304;PF02463;PF00664;PF00005;PF13555;PF03193;PF02463;PF13304	1091045	Cutibacterium acnes subsp. defendens ATCC 11828
SRR6145060	k99_6114	deepbgc	0.1.0	deepbgc	k99_6114_2-455.1	2	455	453	1	1	1	0.57945	antibacterial	0.58	0.09	0.37	0.17	Other	0	0.18	0.5	0.13	0.06	0.01	0.14	k99_6114_k99_6114_1	PF00155	PF00155	1747	Cutibacterium acnes
SRR6145060	k99_1724	deepbgc	0.1.0	deepbgc	k99_1724_185-2236.1	185	2236	2051	2	2	0	0.51333	antibacterial	0.87	0.06	0.17	0.26	NA	0	0.09	0.07	0.33	0.21	0.03	0.32	k99_1724_k99_1724_2;k99_1724_k99_1724_3	NA	PF06283;PF00498	1747	Cutibacterium acnes
SRR6145060	k99_11170	deepbgc	0.1.0	deepbgc	k99_11170_0-1786.1	0	1786	1786	2	3	1	0.77155	antibacterial	0.75	0.07	0.11	0.25	NA	0	0.07	0.22	0.47	0.1	0.03	0.14	k99_11170_k99_11170_1;k99_11170_k99_11170_2	PF00975	PF00975;PF02655;PF13535	1747	Cutibacterium acnes
SRR6145060	k99_4296	deepbgc	0.1.0	deepbgc	k99_4296_2-2326.1	2	2326	2324	2	3	0	0.52782	antibacterial	0.77	0.12	0.23	0.24	NA	0	0.07	0.08	0.29	0.28	0.03	0.3	k99_4296_k99_4296_1;k99_4296_k99_4296_2	NA	PF12051;PF12698;PF03176	1747	Cutibacterium acnes
SRR6145060	k99_10106	deepbgc	0.1.0	deepbgc	k99_10106_0-3978.1	0	3978	3978	4	13	4	0.62419	antibacterial	0.88	0.1	0.12	0.16	NA	0	0.06	0.36	0.3	0.17	0.03	0.14	k99_10106_k99_10106_1;k99_10106_k99_10106_2;k99_10106_k99_10106_3;k99_10106_k99_10106_4	PF00441;PF02771;PF02770;PF08028	PF16268;PF12802;PF01022;PF09339;PF12840;PF01978;PF13412;PF01614;PF02771;PF02770;PF00441;PF08028;PF02515	1747	Cutibacterium acnes
SRR6145060	k99_6116	deepbgc	0.1.0	deepbgc	k99_6116_25-670.1	25	670	645	1	1	0	0.57648	antibacterial	0.61	0.05	0.12	0.17	NA	0	0.05	0.39	0.19	0.17	0.02	0.21	k99_6116_k99_6116_1	NA	PF00440	1747	Cutibacterium acnes
SRR6145060	k99_3644	deepbgc	0.1.0	deepbgc	k99_3644_936-1419.1	936	1419	483	1	1	1	0.54416	antibacterial	0.89	0.06	0.16	0.23	NA	0	0.03	0.29	0.12	0.39	0.01	0.18	k99_3644_k99_3644_3	PF04055	PF04055	1747	Cutibacterium acnes
SRR6145060	k99_3799	deepbgc	0.1.0	deepbgc	k99_3799_0-2567.1	0	2567	2567	2	10	0	0.54917	antibacterial	0.84	0.12	0.06	0.08	RiPP	0	0.03	0.08	0.04	0.85	0.01	0	k99_3799_k99_3799_1;k99_3799_k99_3799_2	NA	PF02514;PF11965;PF02463;PF13304;PF13191;PF00005;PF00004;PF01580;PF13555;PF13476	1234380	Cutibacterium acnes C1
SRR6145060	k99_3799	deepbgc	0.1.0	deepbgc	k99_3799_3620-4304.1	3620	4304	684	1	1	0	0.51061	antibacterial	0.86	0.06	0.17	0.26	NA	0	0.1	0.08	0.32	0.21	0.03	0.31	k99_3799_k99_3799_4	NA	PF01497	1234380	Cutibacterium acnes C1
SRR6145060	k99_15521	deepbgc	0.1.0	deepbgc	k99_15521_2-521.1	2	521	519	1	1	0	0.63661	antibacterial	0.87	0.06	0.17	0.26	NA	0	0.09	0.07	0.33	0.21	0.03	0.32	k99_15521_k99_15521_1	NA	PF11457	1234380	Cutibacterium acnes C1
SRR6145060	k99_10453	deepbgc	0.1.0	deepbgc	k99_10453_0-2851.1	0	2851	2851	4	9	0	0.65408	antibacterial	0.81	0.11	0.16	0.2	NA	0	0.07	0.36	0.23	0.15	0.03	0.19	k99_10453_k99_10453_1;k99_10453_k99_10453_2;k99_10453_k99_10453_3;k99_10453_k99_10453_4	NA	PF12802;PF01047;PF12840;PF01978;PF09339;PF02665;PF02613;PF14711;PF13247	1747	Cutibacterium acnes
SRR6145060	k99_11745	deepbgc	0.1.0	deepbgc	k99_11745_2-155.1	2	155	153	1	1	0	0.59228	antibacterial	0.87	0.06	0.17	0.26	NA	0	0.09	0.07	0.33	0.21	0.03	0.32	k99_11745_k99_11745_1	NA	PF08020	1747	Cutibacterium acnes
SRR6145060	k99_15204	deepbgc	0.1.0	deepbgc	k99_15204_0-1079.1	0	1079	1079	2	2	0	0.52707	antibacterial	0.87	0.04	0.12	0.25	NA	0	0.07	0.12	0.18	0.49	0.01	0.15	k99_15204_k99_15204_1;k99_15204_k99_15204_2	NA	PF08328;PF00881	34062	Moraxella osloensis
SRR6145060	k99_906	deepbgc	0.1.0	deepbgc	k99_906_5-839.1	5	839	834	1	1	0	0.67666	antibacterial	0.87	0.06	0.17	0.26	NA	0	0.1	0.07	0.33	0.2	0.03	0.32	k99_906_k99_906_1	NA	PF11575	1747	Cutibacterium acnes
SRR6145060	k99_8613	deepbgc	0.1.0	deepbgc	k99_8613_1-1369.1	1	1369	1368	1	1	0	0.55145	antibacterial	0.87	0.06	0.17	0.26	NA	0	0.09	0.07	0.33	0.21	0.03	0.32	k99_8613_k99_8613_1	NA	PF00754	1747	Cutibacterium acnes
SRR6145060	k99_14046	deepbgc	0.1.0	deepbgc	k99_14046_257-800.1	257	800	543	1	1	0	0.5208	antibacterial	0.84	0.06	0.17	0.26	NA	0	0.09	0.07	0.33	0.21	0.04	0.31	k99_14046_k99_14046_2	NA	PF01451	1747	Cutibacterium acnes
SRR6145060	k99_13061	deepbgc	0.1.0	deepbgc	k99_13061_367-1390.1	367	1390	1023	1	4	1	0.58494	antibacterial	0.8	0.05	0.2	0.23	Saccharide	0	0.07	0.05	0.15	0.09	0.54	0.13	k99_13061_k99_13061_2	PF00535	PF13641;PF00535;PF13506;PF13632	1747	Cutibacterium acnes
SRR6145060	k99_3057	deepbgc	0.1.0	deepbgc	k99_3057_1-697.1	1	697	696	1	2	0	0.56537	antibacterial-antifungal	0.78	0.02	0.2	0.63	Polyketide	0	0.01	0.02	0.94	0.03	0	0.01	k99_3057_k99_3057_1	NA	PF07690;PF00083	1747	Cutibacterium acnes
SRR6145060	k99_15360	deepbgc	0.1.0	deepbgc	k99_15360_1651-2299.1	1651	2299	648	1	2	0	0.58884	antibacterial	0.61	0.05	0.12	0.17	NA	0	0.05	0.39	0.19	0.17	0.02	0.21	k99_15360_k99_15360_3	NA	PF13305;PF00440	1747	Cutibacterium acnes
SRR6145060	k99_11357	deepbgc	0.1.0	deepbgc	k99_11357_365-1175.1	365	1175	810	1	1	0	0.63875	antibacterial	0.87	0.06	0.17	0.26	NA	0	0.09	0.07	0.33	0.21	0.03	0.32	k99_11357_k99_11357_2	NA	PF02133	1747	Cutibacterium acnes
SRR6145060	k99_10936	deepbgc	0.1.0	deepbgc	k99_10936_161-2559.1	161	2559	2398	3	11	2	0.62123	NA	0.49	0.32	0.15	0.04	NA	0.01	0.03	0.23	0.09	0.24	0	0.4	k99_10936_k99_10936_1;k99_10936_k99_10936_2;k99_10936_k99_10936_3	PF08241;PF08242	PF02390;PF13649;PF01416;PF05175;PF13489;PF13847;PF12847;PF06325;PF13649;PF08241;PF08242	1747	Cutibacterium acnes
SRR6145060	k99_6386	deepbgc	0.1.0	deepbgc	k99_6386_2-491.1	2	491	489	2	4	0	0.5306	antibacterial	0.76	0.03	0.07	0.13	RiPP	0	0.03	0.11	0.07	0.74	0.01	0.05	k99_6386_k99_6386_1;k99_6386_k99_6386_2	NA	PF03193;PF13555;PF00005;PF09957	34062	Moraxella osloensis
SRR6145060	k99_1571	deepbgc	0.1.0	deepbgc	k99_1571_444-1479.1	444	1479	1035	1	1	0	0.60711	antibacterial	0.87	0.06	0.17	0.26	NA	0	0.11	0.06	0.32	0.21	0.03	0.31	k99_1571_k99_1571_2	NA	PF00144	1747	Cutibacterium acnes
SRR6145060	k99_15440	deepbgc	0.1.0	deepbgc	k99_15440_170-2528.1	170	2528	2358	3	3	1	0.75179	antibacterial	0.86	0.07	0.17	0.28	NA	0	0.09	0.11	0.31	0.21	0.01	0.3	k99_15440_k99_15440_1;k99_15440_k99_15440_2;k99_15440_k99_15440_3	PF00857	PF02133;PF00857;PF01297	1747	Cutibacterium acnes
SRR6145060	k99_11422	deepbgc	0.1.0	deepbgc	k99_11422_322-1324.1	322	1324	1002	1	4	2	0.50968	inhibitor	0.28	0.05	0.66	0.06	Polyketide	0	0.2	0.05	0.8	0.01	0	0.01	k99_11422_k99_11422_1	PF08240;PF00107	PF16884;PF08240;PF00107;PF13602	1747	Cutibacterium acnes
SRR6145060	k99_567	deepbgc	0.1.0	deepbgc	k99_567_1-604.1	1	604	603	1	3	2	0.58094	antibacterial	0.81	0.01	0.18	0.07	NA	0.01	0.01	0.02	0.06	0.41	0	0.49	k99_567_k99_567_1	PF08659;PF00106	PF13561;PF00106;PF08659	1747	Cutibacterium acnes
SRR6145060	k99_10202	deepbgc	0.1.0	deepbgc	k99_10202_0-1607.1	0	1607	1607	2	2	1	0.6073	antibacterial	0.82	0.21	0.14	0.21	NA	0	0.1	0.11	0.34	0.18	0.04	0.3	k99_10202_k99_10202_1;k99_10202_k99_10202_2	PF01408	PF01408;PF01261	1234380	Cutibacterium acnes C1
SRR6145060	k99_4475	deepbgc	0.1.0	deepbgc	k99_4475_1-1800.1	1	1800	1799	3	6	2	0.81832	antibacterial	0.58	0.25	0.16	0.1	NA	0.01	0.02	0.34	0.09	0.2	0	0.34	k99_4475_k99_4475_1;k99_4475_k99_4475_2;k99_4475_k99_4475_3	PF08241;PF08242	PF13489;PF08241;PF13649;PF08242;PF02104;PF11298	1747	Cutibacterium acnes
SRR6145060	k99_10278	deepbgc	0.1.0	deepbgc	k99_10278_369-5096.1	369	5096	4727	7	6	0	0.74971	antibacterial	0.89	0.01	0.03	0.09	NA	0	0.01	0.06	0.02	0.45	0.01	0.46	k99_10278_k99_10278_1;k99_10278_k99_10278_2;k99_10278_k99_10278_3;k99_10278_k99_10278_4;k99_10278_k99_10278_5;k99_10278_k99_10278_6;k99_10278_k99_10278_7	NA	PF07883;PF15795;PF01156;PF09386;PF01850;PF15420	1747	Cutibacterium acnes
SRR6145060	k99_14471	deepbgc	0.1.0	deepbgc	k99_14471_1-274.1	1	274	273	1	1	0	0.53698	antibacterial	0.87	0.06	0.17	0.26	NA	0	0.09	0.07	0.33	0.21	0.03	0.32	k99_14471_k99_14471_1	NA	PF06781	1747	Cutibacterium acnes
SRR6145060	k99_3550	deepbgc	0.1.0	deepbgc	k99_3550_22-979.1	22	979	957	1	4	1	0.53784	antibacterial	0.69	0.05	0.09	0.34	NA	0	0.48	0.12	0.18	0.14	0.01	0.07	k99_3550_k99_3550_1	PF00561	PF12697;PF12146;PF00326;PF00561	1747	Cutibacterium acnes
SRR6145060	k99_12563	deepbgc	0.1.0	deepbgc	k99_12563_2-1659.1	2	1659	1657	2	4	0	0.56835	antibacterial	0.81	0.06	0.23	0.23	NA	0	0.09	0.07	0.33	0.21	0.03	0.32	k99_12563_k99_12563_1;k99_12563_k99_12563_2	NA	PF14498;PF13377;PF00532;PF13407	1747	Cutibacterium acnes
SRR6145060	k99_1321	deepbgc	0.1.0	deepbgc	k99_1321_404-1556.1	404	1556	1152	1	1	0	0.61221	antibacterial	0.8	0.04	0.16	0.46	Polyketide	0	0	0.01	0.92	0.01	0.01	0.05	k99_1321_k99_1321_2	NA	PF07690	1747	Cutibacterium acnes
SRR6145060	k99_2480	deepbgc	0.1.0	deepbgc	k99_2480_3344-3617.1	3344	3617	273	1	1	0	0.52571	antibacterial	0.61	0.05	0.12	0.17	NA	0	0.05	0.39	0.19	0.17	0.02	0.21	k99_2480_k99_2480_3	NA	PF00440	1747	Cutibacterium acnes
SRR6145060	k99_2561	deepbgc	0.1.0	deepbgc	k99_2561_0-1138.1	0	1138	1138	2	3	0	0.61	antibacterial	0.87	0.06	0.17	0.26	Polyketide	0	0.03	0.04	0.72	0.12	0	0.12	k99_2561_k99_2561_1;k99_2561_k99_2561_2	NA	PF13622;PF02551;PF11898	1747	Cutibacterium acnes
SRR6145060	k99_15014	deepbgc	0.1.0	deepbgc	k99_15014_161-1037.1	161	1037	876	2	2	0	0.57237	antibacterial	0.87	0.06	0.17	0.26	NA	0	0.09	0.07	0.33	0.21	0.03	0.32	k99_15014_k99_15014_2;k99_15014_k99_15014_3	NA	PF07727;PF07727	NA	NA
SRR6145060	k99_2322	deepbgc	0.1.0	deepbgc	k99_2322_2-2543.1	2	2543	2541	3	5	0	0.53816	antibacterial	0.85	0.06	0.16	0.23	NA	0	0.1	0.12	0.31	0.2	0.04	0.3	k99_2322_k99_2322_1;k99_2322_k99_2322_2;k99_2322_k99_2322_3	NA	PF01032;PF00950;PF02653;PF01497;PF00293	1747	Cutibacterium acnes
SRR6145060	k99_13476	deepbgc	0.1.0	deepbgc	k99_13476_0-462.1	0	462	462	1	1	0	0.56865	antibacterial	0.87	0.06	0.17	0.26	NA	0	0.09	0.07	0.33	0.21	0.03	0.32	k99_13476_k99_13476_1	NA	PF12005	1747	Cutibacterium acnes
SRR6145060	k99_6208	deepbgc	0.1.0	deepbgc	k99_6208_0-555.1	0	555	555	1	1	0	0.56	antibacterial	0.87	0.06	0.17	0.26	NA	0	0.09	0.07	0.33	0.21	0.03	0.32	k99_6208_k99_6208_1	NA	PF02572	1747	Cutibacterium acnes
SRR6145060	k99_11107	deepbgc	0.1.0	deepbgc	k99_11107_0-1617.1	0	1617	1617	1	2	1	0.81666	inhibitor	0.4	0.03	0.55	0.03	NA	0	0.33	0.36	0.19	0.07	0	0.05	k99_11107_k99_11107_1	PF00501	PF00501;PF00550	1747	Cutibacterium acnes
SRR6145060	k99_14056	deepbgc	0.1.0	deepbgc	k99_14056_2-1079.1	2	1079	1077	1	3	0	0.53914	antibacterial-antifungal	0.72	0.01	0.24	0.61	Polyketide	0	0.01	0.07	0.87	0.02	0.02	0.03	k99_14056_k99_14056_1	NA	PF06779;PF07690;PF00083	1747	Cutibacterium acnes
SRR6145060	k99_6970	deepbgc	0.1.0	deepbgc	k99_6970_1014-1590.1	1014	1590	576	1	1	0	0.53763	antibacterial	0.87	0.06	0.17	0.26	NA	0	0.09	0.07	0.33	0.21	0.03	0.32	k99_6970_k99_6970_3	NA	PF02514	1747	Cutibacterium acnes
SRR6145060	k99_10695	deepbgc	0.1.0	deepbgc	k99_10695_1-1080.1	1	1080	1079	3	3	0	0.75638	antibacterial	0.61	0.04	0.19	0.18	NA	0	0.1	0.07	0.32	0.24	0.03	0.29	k99_10695_k99_10695_1;k99_10695_k99_10695_2;k99_10695_k99_10695_3	NA	PF01337;PF00545;PF00069	1747	Cutibacterium acnes
SRR6145060	k99_11510	deepbgc	0.1.0	deepbgc	k99_11510_64-1549.1	64	1549	1485	1	1	0	0.56014	antibacterial	0.87	0.06	0.17	0.26	NA	0	0.25	0.07	0.43	0.18	0.03	0.26	k99_11510_k99_11510_1	NA	PF01510	1234380	Cutibacterium acnes C1
SRR6145060	k99_4048	deepbgc	0.1.0	deepbgc	k99_4048_310-1753.1	310	1753	1443	1	1	0	0.62185	antibacterial	0.87	0.06	0.17	0.26	NA	0	0.08	0.07	0.33	0.2	0.03	0.34	k99_4048_k99_4048_2	NA	PF06100	1747	Cutibacterium acnes
SRR6145060	k99_8867	deepbgc	0.1.0	deepbgc	k99_8867_2-1055.1	2	1055	1053	1	1	0	0.57629	antibacterial	0.74	0.05	0.26	0.21	NA	0.02	0.45	0.09	0.44	0.11	0.02	0.16	k99_8867_k99_8867_1	NA	PF00266	1747	Cutibacterium acnes
SRR6145060	k99_14555	deepbgc	0.1.0	deepbgc	k99_14555_412-1505.1	412	1505	1093	2	7	0	0.65926	antibacterial	0.83	0.07	0.09	0.2	NA	0	0.07	0.06	0.35	0.36	0.01	0.18	k99_14555_k99_14555_2;k99_14555_k99_14555_3	NA	PF00196;PF04545;PF14493;PF08281;PF13936;PF00072;PF02518	1747	Cutibacterium acnes
SRR6145060	k99_8266	deepbgc	0.1.0	deepbgc	k99_8266_1-2488.1	1	2488	2487	3	13	3	0.53839	NA	0.19	0.44	0.11	0.03	Polyketide	0.04	0	0.1	0.65	0	0.13	0.21	k99_8266_k99_8266_1;k99_8266_k99_8266_2;k99_8266_k99_8266_3	PF01494;PF01266;PF04820	PF01494;PF00070;PF07992;PF04820;PF13450;PF03486;PF05834;PF00890;PF01946;PF01266;PF12831;PF01134;PF00425	1747	Cutibacterium acnes
SRR6145060	k99_4143	deepbgc	0.1.0	deepbgc	k99_4143_18-3371.1	18	3371	3353	6	15	0	0.68073	inhibitor	0.23	0.09	0.53	0.15	NA	0	0.13	0.33	0.25	0.19	0.02	0.09	k99_4143_k99_4143_1;k99_4143_k99_4143_2;k99_4143_k99_4143_3;k99_4143_k99_4143_4;k99_4143_k99_4143_5;k99_4143_k99_4143_6	NA	PF12533;PF00829;PF01016;PF04893;PF00440;PF13384;PF13022;PF08279;PF00356;PF06779;PF07690;PF06609;PF00083;PF13347;PF11700	1747	Cutibacterium acnes
SRR6145060	k99_3560	deepbgc	0.1.0	deepbgc	k99_3560_284-3722.1	284	3722	3438	2	2	1	0.58352	antibacterial	0.8	0.04	0.16	0.46	Polyketide	0	0	0.01	0.92	0.01	0.01	0.05	k99_3560_k99_3560_1;k99_3560_k99_3560_2	PF00384	PF07690;PF00384	1234380	Cutibacterium acnes C1
SRR6145060	k99_14292	deepbgc	0.1.0	deepbgc	k99_14292_0-1209.1	0	1209	1209	2	5	2	0.6076	antibacterial	0.6	0.07	0.18	0.17	Saccharide	0	0.02	0.13	0.07	0.05	0.73	0.06	k99_14292_k99_14292_1;k99_14292_k99_14292_2	PF00483;PF02348	PF00483;PF12804;PF01128;PF02348;PF00440	1234380	Cutibacterium acnes C1
SRR6145060	k99_9873	deepbgc	0.1.0	deepbgc	k99_9873_2-3138.1	2	3138	3136	3	7	1	0.63071	antibacterial	0.53	0.27	0.21	0.1	RiPP	0.04	0.02	0.15	0.07	0.53	0.01	0.19	k99_9873_k99_9873_1;k99_9873_k99_9873_2;k99_9873_k99_9873_3	PF08242	PF06325;PF05175;PF13649;PF13847;PF08242;PF03618;PF01326	1747	Cutibacterium acnes
SRR6145060	k99_15539	deepbgc	0.1.0	deepbgc	k99_15539_3616-4324.1	3616	4324	708	1	1	0	0.56539	antibacterial	0.87	0.06	0.17	0.26	NA	0	0.09	0.07	0.33	0.21	0.03	0.32	k99_15539_k99_15539_5	NA	PF02133	1114969	Cutibacterium acnes TypeIA2 P.acn31
SRR6145060	k99_4805	deepbgc	0.1.0	deepbgc	k99_4805_603-5306.1	603	5306	4703	4	8	3	0.55703	antibacterial	0.75	0.21	0.2	0.22	NA	0	0.12	0.14	0.31	0.17	0.06	0.27	k99_4805_k99_4805_2;k99_4805_k99_4805_3;k99_4805_k99_4805_4;k99_4805_k99_4805_5	PF02894;PF00171;PF01408	PF00171;PF00356;PF00532;PF13407;PF13377;PF01408;PF02894;PF01261	1747	Cutibacterium acnes
SRR6145060	k99_2569	deepbgc	0.1.0	deepbgc	k99_2569_2-1358.1	2	1358	1356	2	5	0	0.5591	antibacterial	0.81	0.09	0.17	0.24	NA	0.05	0.05	0.07	0.42	0.2	0	0.23	k99_2569_k99_2569_1;k99_2569_k99_2569_2	NA	PF02566;PF00326;PF07859;PF00135;PF10340	1747	Cutibacterium acnes
SRR6145060	k99_11439	deepbgc	0.1.0	deepbgc	k99_11439_50-1358.1	50	1358	1308	1	1	0	0.57132	antibacterial	0.87	0.06	0.17	0.27	NA	0	0.09	0.07	0.33	0.21	0.03	0.32	k99_11439_k99_11439_1	NA	PF01654	1747	Cutibacterium acnes
SRR6145060	k99_15453	deepbgc	0.1.0	deepbgc	k99_15453_996-1137.1	996	1137	141	1	4	0	0.57478	antibacterial	0.8	0.05	0.15	0.29	NA	0	0.08	0.1	0.29	0.28	0.03	0.26	k99_15453_k99_15453_2	NA	PF13936;PF13518;PF13384;PF08281	1747	Cutibacterium acnes
SRR6145060	k99_1488	deepbgc	0.1.0	deepbgc	k99_1488_1409-2549.1	1409	2549	1140	1	1	0	0.51666	antibacterial	0.88	0.06	0.14	0.29	NA	0	0.1	0.07	0.33	0.2	0.03	0.32	k99_1488_k99_1488_2	NA	PF02687	1747	Cutibacterium acnes
SRR6145060	k99_12821	deepbgc	0.1.0	deepbgc	k99_12821_976-1588.1	976	1588	612	1	1	0	0.50532	antibacterial	0.87	0.06	0.17	0.26	NA	0	0.09	0.07	0.33	0.21	0.03	0.32	k99_12821_k99_12821_3	NA	PF02929	1747	Cutibacterium acnes
SRR6145060	k99_7876	deepbgc	0.1.0	deepbgc	k99_7876_2-4140.1	2	4140	4138	6	10	0	0.80833	antibacterial	0.63	0.08	0.15	0.41	Polyketide	0.02	0.02	0.33	0.61	0.02	0.01	0	k99_7876_k99_7876_1;k99_7876_k99_7876_2;k99_7876_k99_7876_3;k99_7876_k99_7876_4;k99_7876_k99_7876_5;k99_7876_k99_7876_6	NA	PF13347;PF07690;PF01306;PF00083;PF12832;PF00294;PF00596;PF01261;PF00215;PF02126	1747	Cutibacterium acnes
SRR6145060	k99_8278	deepbgc	0.1.0	deepbgc	k99_8278_177-3668.1	177	3668	3491	3	8	0	0.63053	antibacterial	0.7	0.05	0.15	0.12	RiPP	0	0.02	0.22	0.02	0.74	0	0	k99_8278_k99_8278_2;k99_8278_k99_8278_3;k99_8278_k99_8278_4	NA	PF02322;PF14256;PF00664;PF00005;PF13191;PF13558;PF02463;PF00664	1747	Cutibacterium acnes
SRR6145060	k99_2231	deepbgc	0.1.0	deepbgc	k99_2231_492-2122.1	492	2122	1630	2	3	1	0.60532	antibacterial	0.83	0.05	0.2	0.23	Saccharide	0	0.06	0.05	0.15	0.1	0.54	0.13	k99_2231_k99_2231_2;k99_2231_k99_2231_3	PF00535	PF02467;PF00535;PF13641	1747	Cutibacterium acnes
SRR6145060	k99_12257	deepbgc	0.1.0	deepbgc	k99_12257_2-1392.1	2	1392	1390	2	2	0	0.67761	antibacterial	0.87	0.06	0.17	0.26	NA	0	0.09	0.07	0.32	0.22	0.03	0.32	k99_12257_k99_12257_1;k99_12257_k99_12257_2	NA	PF00873;PF06039	1270	Micrococcus luteus
