sample	contig	bgc_candidate_id	nucl_start	nucl_end	nucl_length	num_proteins	deepbgc_score	product_activity	antibacterial	cytotoxic	inhibitor	antifungal	product_class	Alkaloid	NRP	Other	Polyketide	RiPP	Saccharide	Terpene	taxid	name
SRR6145058	k99_10206	k99_10206_1-1815.1	1	1815	1814	3	0.66242	antibacterial	0.71	0.09	0.23	0.25		0.06	0.08	0.13	0.36	0.12	0.03	0.28	1747	Cutibacterium acnes
SRR6145058	k99_3276	k99_3276_732-1782.1	732	1782	1050	1	0.54939	inhibitor	0.27	0.08	0.64	0.06	Polyketide	0.01	0.18	0.1	0.7	0.02	0.03	0.03	1234380	Cutibacterium acnes C1
SRR6145058	k99_10774	k99_10774_2-1054.1	2	1054	1052	2	0.78506	antibacterial	0.88	0.06	0.16	0.26		0	0.1	0.09	0.33	0.19	0.03	0.31	1747	Cutibacterium acnes
SRR6145058	k99_5041	k99_5041_146-2325.1	146	2325	2179	2	0.61091	antibacterial	0.63	0.11	0.18	0.36	Polyketide	0.03	0.02	0.2	0.65	0.04	0	0.07	1747	Cutibacterium acnes
SRR6145058	k99_8005	k99_8005_1-1285.1	1	1285	1284	1	0.61863	antibacterial	0.8	0.04	0.16	0.46	Polyketide	0	0	0.01	0.92	0.01	0.01	0.05	1747	Cutibacterium acnes
SRR6145058	k99_5796	k99_5796_638-1148.1	638	1148	510	1	0.53562	antibacterial	0.82	0.06	0.17	0.33	Polyketide	0	0	0.01	0.79	0.01	0.01	0.19	1747	Cutibacterium acnes
SRR6145058	k99_1386	k99_1386_0-621.1	0	621	621	1	0.52589	antibacterial	0.6	0.03	0.37	0.16		0	0.37	0.11	0.4	0.13	0.01	0.17	1747	Cutibacterium acnes
SRR6145058	k99_7371	k99_7371_1-1290.1	1	1290	1289	2	0.62822	antibacterial	0.87	0.06	0.17	0.26		0	0.09	0.07	0.33	0.21	0.03	0.32	1747	Cutibacterium acnes
SRR6145058	k99_6742	k99_6742_842-2056.1	842	2056	1214	2	0.53107	antibacterial	0.83	0.12	0.13	0.2		0	0.08	0.07	0.32	0.26	0.03	0.29	1747	Cutibacterium acnes
SRR6145058	k99_6745	k99_6745_2-2428.1	2	2428	2426	4	0.70007	antibacterial	0.8	0.15	0.08	0.22		0.01	0.07	0.06	0.35	0.35	0.01	0.18	1747	Cutibacterium acnes
SRR6145058	k99_1834	k99_1834_455-2483.1	455	2483	2028	3	0.53487	antibacterial	0.78	0.15	0.14	0.23	Polyketide	0	0.12	0.04	0.5	0.17	0.11	0.15	1747	Cutibacterium acnes
SRR6145058	k99_4731	k99_4731_2-2539.1	2	2539	2537	2	0.52235	antibacterial	0.87	0.03	0.06	0.21	RiPP	0	0.06	0.1	0.08	0.67	0.02	0.09	1747	Cutibacterium acnes
SRR6145058	k99_1513	k99_1513_74-2271.1	74	2271	2197	3	0.68905	antibacterial	0.87	0.06	0.17	0.26		0	0.09	0.07	0.33	0.21	0.03	0.32	1747	Cutibacterium acnes
SRR6145058	k99_9897	k99_9897_700-1429.1	700	1429	729	2	0.53475	antibacterial	0.88	0.06	0.14	0.25		0	0.09	0.07	0.28	0.31	0.03	0.27	1747	Cutibacterium acnes
SRR6145058	k99_11027	k99_11027_2-734.1	2	734	732	1	0.50736	antibacterial	0.87	0.06	0.17	0.26		0	0.09	0.07	0.33	0.21	0.03	0.32	1747	Cutibacterium acnes
SRR6145058	k99_5422	k99_5422_843-1005.1	843	1005	162	1	0.52528	antibacterial	0.87	0.06	0.17	0.26		0	0.09	0.07	0.33	0.21	0.03	0.32		
SRR6145058	k99_4032	k99_4032_102-2014.1	102	2014	1912	2	0.53411	antibacterial	0.82	0.14	0.15	0.28		0.01	0.09	0.07	0.33	0.21	0.03	0.31	1747	Cutibacterium acnes
SRR6145058	k99_4032	k99_4032_3003-3198.1	3003	3198	195	1	0.57125	antibacterial	0.87	0.06	0.17	0.26		0	0.09	0.07	0.33	0.21	0.03	0.32	1747	Cutibacterium acnes
SRR6145058	k99_5424	k99_5424_0-2147.1	0	2147	2147	3	0.94926	antibacterial	0.62	0.12	0.15	0.11	Polyketide	0	0.31	0.17	0.77	0.01	0	0.04	1747	Cutibacterium acnes
SRR6145058	k99_10586	k99_10586_0-3301.1	0	3301	3301	3	0.60751	antibacterial	0.92	0.31	0.09	0.13		0	0.13	0.13	0.44	0.12	0.16	0.21	1747	Cutibacterium acnes
SRR6145058	k99_10144	k99_10144_2-649.1	2	649	647	2	0.69932	antibacterial	0.86	0.1	0.17	0.22		0	0.07	0.27	0.28	0.17	0.03	0.23	1234380	Cutibacterium acnes C1
SRR6145058	k99_10780	k99_10780_219-1431.1	219	1431	1212	1	0.5087	antibacterial	0.89	0.22	0.14	0.21		0	0.09	0.1	0.36	0.19	0.06	0.28	1747	Cutibacterium acnes
SRR6145058	k99_8637	k99_8637_2-5308.1	2	5308	5306	5	0.61659	antibacterial	0.84	0.07	0.21	0.28	Other	0	0.01	0.54	0.03	0.01	0	0.41	1747	Cutibacterium acnes
SRR6145058	k99_1516	k99_1516_2-4366.1	2	4366	4364	4	0.65176	antibacterial	0.85	0.08	0.17	0.27		0.01	0.11	0.1	0.33	0.2	0.02	0.28	1747	Cutibacterium acnes
SRR6145058	k99_3530	k99_3530_2-518.1	2	518	516	1	0.61469	antibacterial	0.87	0.06	0.17	0.26		0	0.09	0.07	0.33	0.21	0.03	0.32	1747	Cutibacterium acnes
SRR6145058	k99_3530	k99_3530_6403-7225.1	6403	7225	822	1	0.51224	antibacterial	0.89	0.02	0.06	0.15	RiPP	0	0.06	0.04	0.05	0.8	0.03	0.04	1747	Cutibacterium acnes
SRR6145058	k99_12019	k99_12019_2-7734.1	2	7734	7732	9	0.72425	antibacterial	0.86	0.08	0.04	0.15	RiPP	0	0.03	0.04	0.03	0.84	0.04	0.04	1234380	Cutibacterium acnes C1
SRR6145058	k99_12019	k99_12019_8761-10466.1	8761	10466	1705	3	0.56888	antibacterial	0.84	0.06	0.15	0.32		0	0.11	0.12	0.28	0.22	0.04	0.28	1234380	Cutibacterium acnes C1
SRR6145058	k99_11459	k99_11459_929-2980.1	929	2980	2051	2	0.55692	antibacterial	0.87	0.06	0.17	0.26		0	0.09	0.07	0.33	0.21	0.03	0.32	1747	Cutibacterium acnes
SRR6145058	k99_7821	k99_7821_696-1164.1	696	1164	468	1	0.67666	antibacterial	0.87	0.06	0.17	0.26		0	0.1	0.07	0.33	0.2	0.03	0.32	1747	Cutibacterium acnes
SRR6145058	k99_12020	k99_12020_1423-2452.1	1423	2452	1029	1	0.56925	antibacterial	0.87	0.06	0.17	0.26		0	0.09	0.07	0.33	0.21	0.03	0.32	1747	Cutibacterium acnes
SRR6145058	k99_4860	k99_4860_1-2301.1	1	2301	2300	2	0.63891	antibacterial	0.76	0.06	0.15	0.25	Saccharide	0	0.03	0.04	0.14	0.06	0.68	0.06	1747	Cutibacterium acnes
SRR6145058	k99_10651	k99_10651_0-2524.1	0	2524	2524	3	0.68484	antibacterial	0.88	0.06	0.16	0.26		0	0.1	0.09	0.34	0.18	0.03	0.31	1747	Cutibacterium acnes
SRR6145058	k99_6443	k99_6443_548-953.1	548	953	405	1	0.67588	antibacterial	0.87	0.06	0.17	0.26		0	0.09	0.07	0.33	0.21	0.03	0.32	1747	Cutibacterium acnes
SRR6145058	k99_4609	k99_4609_0-132.1	0	132	132	1	0.5102	antibacterial	0.86	0.07	0.17	0.25		0	0.09	0.13	0.29	0.24	0.02	0.28	1747	Cutibacterium acnes
SRR6145058	k99_7881	k99_7881_2-1058.1	2	1058	1056	1	0.71394	antibacterial	0.86	0.05	0.17	0.21		0	0.06	0.13	0.2	0.43	0	0.2	1747	Cutibacterium acnes
SRR6145058	k99_6559	k99_6559_2-1295.1	2	1295	1293	1	0.61394	antibacterial	0.87	0.06	0.17	0.26		0	0.08	0.14	0.32	0.18	0.03	0.29	1747	Cutibacterium acnes
SRR6145058	k99_6559	k99_6559_1756-2368.1	1756	2368	612	1	0.51236	antibacterial	0.87	0.06	0.17	0.26		0	0.09	0.07	0.33	0.21	0.03	0.32	1747	Cutibacterium acnes
SRR6145058	k99_4044	k99_4044_239-1265.1	239	1265	1026	1	0.52651	inhibitor	0.28	0.01	0.67	0.08	NRP	0	0.66	0.05	0.22	0.04	0.03	0.06	1747	Cutibacterium acnes
SRR6145058	k99_12023	k99_12023_1-1614.1	1	1614	1613	2	0.55623	antibacterial	0.82	0.09	0.19	0.26		0	0.09	0.18	0.3	0.2	0.02	0.25	1747	Cutibacterium acnes
SRR6145058	k99_8889	k99_8889_1-1408.1	1	1408	1407	1	0.7604	antibacterial	0.92	0.01	0.04	0.07	Polyketide	0	0.23	0.23	0.54	0	0	0	1747	Cutibacterium acnes
SRR6145058	k99_11893	k99_11893_2-842.1	2	842	840	1	0.50021	antibacterial	0.86	0.05	0.17	0.25		0	0.1	0.09	0.32	0.2	0.03	0.31	1747	Cutibacterium acnes
SRR6145058	k99_11031	k99_11031_988-1444.1	988	1444	456	1	0.56616	antibacterial	0.58	0.03	0.42	0.11		0.08	0.2	0.03	0.07	0.19	0	0.43	1747	Cutibacterium acnes
SRR6145058	k99_9836	k99_9836_2-2135.1	2	2135	2133	2	0.6505	antibacterial	0.78	0.03	0.21	0.14		0	0.22	0.24	0.32	0.1	0.01	0.11	1747	Cutibacterium acnes
SRR6145058	k99_9901	k99_9901_1700-2324.1	1700	2324	624	1	0.54828		0.42	0.03	0.3	0.14		0	0.1	0.07	0.29	0.29	0.03	0.27	1234380	Cutibacterium acnes C1
SRR6145058	k99_2720	k99_2720_114-1802.1	114	1802	1688	2	0.63257	antibacterial	0.74	0.06	0.13	0.25	Saccharide	0	0.01	0.06	0.04	0.03	0.83	0.04	1747	Cutibacterium acnes
SRR6145058	k99_9458	k99_9458_2-488.1	2	488	486	1	0.53678	antibacterial	0.87	0.06	0.17	0.26		0	0.09	0.07	0.33	0.21	0.03	0.32	1747	Cutibacterium acnes
SRR6145058	k99_2271	k99_2271_0-786.1	0	786	786	1	0.51354	antibacterial	0.87	0.06	0.17	0.26		0	0.11	0.06	0.32	0.21	0.03	0.31	1234380	Cutibacterium acnes C1
SRR6145058	k99_8707	k99_8707_23-2808.1	23	2808	2785	3	0.70992	antibacterial	0.8	0.07	0.16	0.24		0	0.08	0.14	0.28	0.21	0.04	0.3	1747	Cutibacterium acnes
SRR6145058	k99_6250	k99_6250_273-885.1	273	885	612	1	0.50053	antibacterial	0.87	0.06	0.17	0.26		0	0.09	0.07	0.33	0.21	0.03	0.32	1747	Cutibacterium acnes
SRR6145058	k99_10023	k99_10023_287-1697.1	287	1697	1410	1	0.54762	antibacterial	0.87	0.06	0.17	0.26		0	0.09	0.07	0.33	0.21	0.03	0.32	1747	Cutibacterium acnes
SRR6145058	k99_11587	k99_11587_2-1205.1	2	1205	1203	1	0.50922	antibacterial	0.87	0.06	0.17	0.26		0	0.09	0.07	0.33	0.21	0.03	0.32	1747	Cutibacterium acnes
SRR6145058	k99_11523	k99_11523_2-770.1	2	770	768	1	0.61284	antibacterial	0.79	0.04	0.17	0.19	Polyketide	0.01	0.04	0.06	0.79	0.02	0.06	0.04	1747	Cutibacterium acnes
SRR6145058	k99_1333	k99_1333_2-3218.1	2	3218	3216	5	0.855	antibacterial	0.5	0.32	0.19	0.14	Polyketide	0	0.09	0.08	0.68	0.03	0.02	0.16	1747	Cutibacterium acnes
SRR6145058	k99_9905	k99_9905_1-1252.1	1	1252	1251	1	0.5532	antibacterial	0.68	0.15	0.21	0.26		0.03	0.07	0.08	0.35	0.17	0.05	0.3	1747	Cutibacterium acnes
SRR6145058	k99_2088	k99_2088_2-2202.1	2	2202	2200	3	0.57611	antibacterial	0.81	0.06	0.15	0.28		0	0.08	0.13	0.31	0.22	0.04	0.28	1747	Cutibacterium acnes
SRR6145058	k99_1967	k99_1967_2-1766.1	2	1766	1764	1	0.58421	antibacterial	0.71	0.07	0.12	0.35	NRP	0	0.63	0.08	0.16	0.06	0.01	0.07	1747	Cutibacterium acnes
SRR6145058	k99_4114	k99_4114_268-985.1	268	985	717	1	0.62842	antibacterial	0.87	0.06	0.17	0.26		0	0.09	0.07	0.33	0.21	0.03	0.32	1747	Cutibacterium acnes
SRR6145058	k99_1206	k99_1206_2-3215.1	2	3215	3213	3	0.6647	antibacterial	0.85	0.05	0.17	0.25		0	0.11	0.1	0.31	0.2	0.03	0.3	1747	Cutibacterium acnes
SRR6145058	k99_9654	k99_9654_636-2130.1	636	2130	1494	1	0.55594	antibacterial	0.83	0.06	0.17	0.3		0	0.11	0.08	0.32	0.2	0.03	0.31	1747	Cutibacterium acnes
SRR6145058	k99_10024	k99_10024_12-336.1	12	336	324	1	0.54255	antibacterial	0.82	0.12	0.17	0.24		0.11	0.05	0.09	0.3	0.17	0.03	0.3	1747	Cutibacterium acnes
SRR6145058	k99_2089	k99_2089_2-854.1	2	854	852	1	0.53594	antibacterial	0.76	0.06	0.13	0.25	Saccharide	0	0.02	0.04	0.07	0.07	0.75	0.06	1747	Cutibacterium acnes
SRR6145058	k99_2526	k99_2526_232-846.1	232	846	614	2	0.5682	antibacterial	0.87	0.06	0.17	0.26		0	0.09	0.08	0.33	0.21	0.03	0.31	1747	Cutibacterium acnes
SRR6145058	k99_9203	k99_9203_1-2444.1	1	2444	2443	4	0.73888	antibacterial	0.81	0.11	0.16	0.2		0	0.07	0.36	0.23	0.15	0.03	0.19	1234380	Cutibacterium acnes C1
SRR6145058	k99_5993	k99_5993_0-1672.1	0	1672	1672	2	0.64181	antibacterial	0.57	0.03	0.41	0.11		0.07	0.11	0.03	0.03	0.13	0.33	0.3	1747	Cutibacterium acnes
SRR6145058	k99_7886	k99_7886_0-2065.1	0	2065	2065	2	0.68067	antibacterial	0.87	0.06	0.17	0.26		0	0.08	0.05	0.32	0.21	0.07	0.32	1747	Cutibacterium acnes
SRR6145058	k99_5994	k99_5994_585-2334.1	585	2334	1749	1	0.52866	antibacterial	0.87	0.06	0.17	0.26		0	0.09	0.07	0.33	0.21	0.03	0.32	9606	Homo sapiens
SRR6145058	k99_1532	k99_1532_317-1361.1	317	1361	1044	1	0.53898	antibacterial	0.87	0.06	0.17	0.26		0	0.09	0.07	0.33	0.21	0.03	0.32	1747	Cutibacterium acnes
SRR6145058	k99_5802	k99_5802_1-982.1	1	982	981	1	0.51506	antibacterial	0.54	0.19	0.25	0.2	Polyketide	0.03	0.09	0.12	0.61	0.01	0.26	0	1747	Cutibacterium acnes
SRR6145058	k99_765	k99_765_897-1041.1	897	1041	144	1	0.52174	antibacterial	0.87	0.06	0.17	0.26		0	0.09	0.07	0.33	0.21	0.03	0.32	1234380	Cutibacterium acnes C1
SRR6145058	k99_5867	k99_5867_0-1182.1	0	1182	1182	1	0.56482	antibacterial	0.87	0.07	0.17	0.27		0	0.09	0.15	0.29	0.19	0.02	0.3	1747	Cutibacterium acnes
SRR6145058	k99_8845	k99_8845_81-2561.1	81	2561	2480	3	0.60426	antibacterial	0.87	0.06	0.17	0.26		0	0.09	0.08	0.32	0.21	0.03	0.31	1747	Cutibacterium acnes
SRR6145058	k99_9462	k99_9462_356-1601.1	356	1601	1245	1	0.57132	antibacterial	0.87	0.06	0.17	0.27		0	0.09	0.07	0.33	0.21	0.03	0.32	1747	Cutibacterium acnes
SRR6145058	k99_7828	k99_7828_0-2753.1	0	2753	2753	2	0.6746	antibacterial	0.8	0.08	0.18	0.26		0	0.09	0.26	0.24	0.19	0.02	0.23	1747	Cutibacterium acnes
SRR6145058	k99_2663	k99_2663_64-5687.1	64	5687	5623	12	0.57576	antibacterial	0.84	0.02	0.07	0.11	RiPP	0	0.08	0.05	0.1	0.8	0.01	0.01	1747	Cutibacterium acnes
SRR6145058	k99_10342	k99_10342_248-1130.1	248	1130	882	1	0.50327	antibacterial	0.87	0.06	0.17	0.26		0	0.09	0.07	0.33	0.21	0.03	0.32	1747	Cutibacterium acnes
SRR6145058	k99_10234	k99_10234_151-1284.1	151	1284	1133	2	0.60255	antibacterial	0.77	0.11	0.23	0.24		0	0.07	0.08	0.3	0.27	0.03	0.3	1747	Cutibacterium acnes
SRR6145058	k99_8519	k99_8519_55-1159.1	55	1159	1104	1	0.57982		0.42	0.03	0.3	0.14		0	0.09	0.07	0.31	0.27	0.03	0.29	1170318	Cutibacterium avidum 44067
SRR6145058	k99_2593	k99_2593_0-1113.1	0	1113	1113	2	0.7445	antibacterial	0.62	0.17	0.08	0.48		0.02	0.01	0.05	0.49	0.39	0	0.04	1747	Cutibacterium acnes
SRR6145058	k99_4999	k99_4999_0-192.1	0	192	192	1	0.60031	antibacterial	0.86	0.06	0.18	0.25		0	0.09	0.12	0.33	0.2	0.03	0.29	1747	Cutibacterium acnes
SRR6145058	k99_959	k99_959_1153-1570.1	1153	1570	417	1	0.506	antibacterial	0.87	0.07	0.15	0.23		0	0.08	0.09	0.33	0.21	0.04	0.32	1747	Cutibacterium acnes
SRR6145058	k99_11527	k99_11527_618-3782.1	618	3782	3164	3	0.60984	antibacterial	0.68	0.09	0.15	0.38	Polyketide	0	0.02	0.2	0.74	0.01	0.02	0.04	1747	Cutibacterium acnes
SRR6145058	k99_9408	k99_9408_1-1447.1	1	1447	1446	1	0.54707	antibacterial	0.87	0.06	0.18	0.26		0	0.09	0.07	0.32	0.21	0.03	0.33	1747	Cutibacterium acnes
SRR6145058	k99_2216	k99_2216_0-1575.1	0	1575	1575	1	0.57081	antibacterial	0.89	0.06	0.16	0.23		0	0.03	0.29	0.12	0.39	0.01	0.18	1747	Cutibacterium acnes
SRR6145058	k99_1848	k99_1848_0-968.1	0	968	968	2	0.63669	antibacterial	0.87	0.06	0.17	0.26		0	0.09	0.07	0.33	0.21	0.03	0.32	1747	Cutibacterium acnes
SRR6145058	k99_11836	k99_11836_2-1013.1	2	1013	1011	1	0.59345	antibacterial	0.85	0.06	0.18	0.26		0	0.09	0.07	0.33	0.21	0.03	0.32	1747	Cutibacterium acnes
SRR6145058	k99_6123	k99_6123_0-1032.1	0	1032	1032	2	0.59655	antibacterial	0.77	0.2	0.15	0.26		0.12	0.05	0.09	0.3	0.17	0.03	0.29	1234380	Cutibacterium acnes C1
SRR6145058	k99_6317	k99_6317_2-4679.1	2	4679	4677	1	0.60642	antibacterial	0.87	0.06	0.17	0.26		0	0.09	0.07	0.33	0.21	0.03	0.32	1747	Cutibacterium acnes
SRR6145058	k99_8958	k99_8958_2-344.1	2	344	342	1	0.60431	antibacterial	0.74	0.05	0.26	0.21		0.02	0.45	0.09	0.44	0.11	0.02	0.16	1747	Cutibacterium acnes
SRR6145058	k99_8958	k99_8958_1517-2504.1	1517	2504	987	1	0.54423	antibacterial	0.87	0.06	0.17	0.26		0	0.09	0.07	0.34	0.21	0.03	0.31	1747	Cutibacterium acnes
SRR6145058	k99_1985	k99_1985_1155-1701.1	1155	1701	546	1	0.61863	antibacterial	0.8	0.04	0.16	0.46	Polyketide	0	0	0.01	0.92	0.01	0.01	0.05	1747	Cutibacterium acnes
SRR6145058	k99_5996	k99_5996_2-1004.1	2	1004	1002	1	0.59435	antibacterial	0.87	0.06	0.17	0.26		0	0.09	0.07	0.33	0.21	0.03	0.32	1747	Cutibacterium acnes
SRR6145058	k99_5629	k99_5629_1-2472.1	1	2472	2471	3	0.75185	antibacterial	0.78	0.15	0.07	0.08	RiPP	0	0.05	0.15	0.04	0.77	0	0	1747	Cutibacterium acnes
SRR6145058	k99_5316	k99_5316_2-1090.1	2	1090	1088	3	0.66261	antibacterial	0.8	0.14	0.17	0.27		0.01	0.09	0.08	0.32	0.22	0.03	0.3	1234380	Cutibacterium acnes C1
SRR6145058	k99_2217	k99_2217_1-3487.1	1	3487	3486	5	0.60446	antibacterial	0.76	0.06	0.14	0.28		0	0.07	0.25	0.24	0.21	0.03	0.25	1747	Cutibacterium acnes
SRR6145058	k99_520	k99_520_0-396.1	0	396	396	1	0.53969	antibacterial	0.83	0.06	0.21	0.26		0	0.05	0.19	0.28	0.2	0.03	0.3	1747	Cutibacterium acnes
SRR6145058	k99_522	k99_522_2-1013.1	2	1013	1011	1	0.57945	antibacterial	0.58	0.09	0.37	0.17	Other	0	0.18	0.5	0.13	0.06	0.01	0.14	1747	Cutibacterium acnes
SRR6145058	k99_10920	k99_10920_0-3515.1	0	3515	3515	3	0.59866	antibacterial	0.86	0.06	0.17	0.27		0	0.08	0.07	0.31	0.19	0.08	0.31	1747	Cutibacterium acnes
SRR6145058	k99_10920	k99_10920_4350-4473.1	4350	4473	123	1	0.54029	antibacterial	0.87	0.06	0.17	0.26		0	0.09	0.07	0.33	0.21	0.03	0.32	1747	Cutibacterium acnes
SRR6145058	k99_11594	k99_11594_2-1892.1	2	1892	1890	1	0.51007	antibacterial	0.87	0.06	0.17	0.26		0	0.09	0.07	0.33	0.21	0.03	0.32	1747	Cutibacterium acnes
SRR6145058	k99_11594	k99_11594_3343-7859.1	3343	7859	4516	7	0.58824	antibacterial	0.84	0.07	0.17	0.25		0.04	0.1	0.09	0.32	0.19	0.02	0.29	1747	Cutibacterium acnes
SRR6145058	k99_8209	k99_8209_2-659.1	2	659	657	1	0.53409	antibacterial	0.85	0.06	0.15	0.26		0.01	0.05	0.07	0.16	0.13	0.37	0.24	1747	Cutibacterium acnes
SRR6145058	k99_6458	k99_6458_1-955.1	1	955	954	1	0.55886	antibacterial	0.86	0.07	0.17	0.26		0	0.09	0.07	0.33	0.21	0.03	0.32	1747	Cutibacterium acnes
SRR6145058	k99_9587	k99_9587_2-1334.1	2	1334	1332	2	0.56724	antibacterial	0.55	0.03	0.46	0.13	Polyketide-Terpene	0	0.02	0.02	0.78	0	0.02	0.89	1747	Cutibacterium acnes
SRR6145058	k99_1345	k99_1345_477-1155.1	477	1155	678	1	0.55204	antibacterial	0.87	0.06	0.17	0.26		0	0.09	0.07	0.33	0.21	0.03	0.32	1747	Cutibacterium acnes
SRR6145058	k99_1345	k99_1345_1602-1971.1	1602	1971	369	1	0.50915	antibacterial	0.87	0.06	0.17	0.26		0	0.09	0.07	0.33	0.21	0.03	0.32	1747	Cutibacterium acnes
SRR6145058	k99_8211	k99_8211_189-717.1	189	717	528	1	0.57517	antibacterial	0.87	0.06	0.17	0.26		0.04	0.08	0.07	0.31	0.2	0.03	0.32	1747	Cutibacterium acnes
SRR6145058	k99_8899	k99_8899_133-2376.1	133	2376	2243	4	0.67401	antibacterial	0.69	0.1	0.18	0.11	RiPP	0	0.04	0.08	0.04	0.84	0.01	0	1747	Cutibacterium acnes
SRR6145058	k99_6826	k99_6826_0-3641.1	0	3641	3641	5	0.58654	antibacterial	0.52	0.11	0.07	0.16		0.13	0.04	0.43	0.16	0.12	0.04	0.13	1747	Cutibacterium acnes
SRR6145058	k99_7577	k99_7577_202-331.1	202	331	129	1	0.54766	antibacterial	0.87	0.06	0.17	0.26		0	0.09	0.07	0.33	0.21	0.03	0.32	1747	Cutibacterium acnes
SRR6145058	k99_7577	k99_7577_2178-2514.1	2178	2514	336	1	0.62064	antibacterial	0.83	0.1	0.17	0.24		0	0.1	0.12	0.45	0.17	0.02	0.2	1747	Cutibacterium acnes
SRR6145058	k99_1656	k99_1656_2-233.1	2	233	231	1	0.5792	antibacterial	0.85	0.06	0.18	0.26		0	0.09	0.09	0.32	0.2	0.04	0.32	1747	Cutibacterium acnes
SRR6145058	k99_8587	k99_8587_247-2911.1	247	2911	2664	2	0.54259	antibacterial	0.87	0.06	0.17	0.26		0	0.09	0.07	0.33	0.21	0.03	0.32	1747	Cutibacterium acnes
SRR6145058	k99_6772	k99_6772_1-664.1	1	664	663	1	0.56978	antibacterial	0.87	0.06	0.17	0.26		0	0.06	0.24	0.27	0.16	0.03	0.29	1234380	Cutibacterium acnes C1
SRR6145058	k99_9084	k99_9084_431-1998.1	431	1998	1567	2	0.60603	antibacterial	0.8	0.06	0.16	0.25		0	0.09	0.11	0.3	0.21	0.03	0.32	1747	Cutibacterium acnes
SRR6145058	k99_9660	k99_9660_1-274.1	1	274	273	1	0.52866	antibacterial	0.87	0.06	0.17	0.26		0	0.09	0.07	0.33	0.21	0.03	0.32	9606	Homo sapiens
SRR6145058	k99_10284	k99_10284_119-509.1	119	509	390	1	0.66942	antibacterial	0.83	0.06	0.17	0.28		0	0.09	0.08	0.33	0.21	0.03	0.32	1747	Cutibacterium acnes
SRR6145058	k99_9086	k99_9086_2-440.1	2	440	438	1	0.5222	antibacterial	0.88	0.06	0.14	0.29		0	0.1	0.07	0.33	0.2	0.03	0.32	1747	Cutibacterium acnes
SRR6145058	k99_9216	k99_9216_0-1093.1	0	1093	1093	2	0.71846	antibacterial	0.83	0.07	0.09	0.2		0	0.07	0.06	0.38	0.33	0.01	0.18	1747	Cutibacterium acnes
SRR6145058	k99_9087	k99_9087_161-1016.1	161	1016	855	1	0.50258	antibacterial	0.87	0.06	0.17	0.26		0	0.09	0.07	0.33	0.21	0.03	0.32	1747	Cutibacterium acnes
SRR6145058	k99_5447	k99_5447_0-2309.1	0	2309	2309	3	0.6301	inhibitor	0.23	0.09	0.53	0.15		0	0.13	0.33	0.25	0.19	0.02	0.09	1234380	Cutibacterium acnes C1
SRR6145058	k99_11720	k99_11720_259-1201.1	259	1201	942	1	0.52909	antibacterial	0.7	0.05	0.11	0.35	NRP	0	0.54	0.11	0.2	0.07	0.02	0.07	1747	Cutibacterium acnes
SRR6145058	k99_5004	k99_5004_202-1027.1	202	1027	825	1	0.57241	antibacterial	0.87	0.06	0.17	0.26		0	0.09	0.07	0.33	0.21	0.03	0.32	1747	Cutibacterium acnes
SRR6145058	k99_10468	k99_10468_33-2710.1	33	2710	2677	4	0.64898	antibacterial	0.89	0.01	0.03	0.09		0	0.01	0.05	0.02	0.46	0.01	0.46	1747	Cutibacterium acnes
SRR6145058	k99_1657	k99_1657_167-1541.1	167	1541	1374	1	0.51716	antibacterial	0.7	0.11	0.24	0.36		0	0.09	0.18	0.31	0.2	0.02	0.24	1234380	Cutibacterium acnes C1
SRR6145058	k99_3548	k99_3548_1-2581.1	1	2581	2580	2	0.66221	antibacterial	0.86	0.06	0.16	0.25	Polyketide	0	0.05	0	0.81	0.06	0.01	0.08	1747	Cutibacterium acnes
SRR6145058	k99_6190	k99_6190_0-1227.1	0	1227	1227	1	0.64357	antibacterial	0.78	0.03	0.21	0.14		0	0.22	0.24	0.32	0.1	0.01	0.11	1747	Cutibacterium acnes
SRR6145058	k99_7264	k99_7264_2-1298.1	2	1298	1296	1	0.50922	antibacterial	0.87	0.06	0.17	0.26		0	0.09	0.07	0.33	0.21	0.03	0.32	1747	Cutibacterium acnes
SRR6145058	k99_4056	k99_4056_0-381.1	0	381	381	1	0.51738	antibacterial	0.62	0.13	0.28	0.2		0	0.06	0.09	0.27	0.31	0.03	0.28	1747	Cutibacterium acnes
SRR6145058	k99_11172	k99_11172_0-2609.1	0	2609	2609	2	0.77943	antibacterial	0.82	0.03	0.13	0.17	RiPP	0	0.02	0.22	0.04	0.69	0	0.03	1747	Cutibacterium acnes
SRR6145058	k99_6323	k99_6323_687-3738.1	687	3738	3051	3	0.52991	inhibitor	0.28	0.05	0.64	0.06	Polyketide	0	0.2	0.07	0.76	0.02	0.02	0.02	1747	Cutibacterium acnes
SRR6145058	k99_11291	k99_11291_2-2767.1	2	2767	2765	4	0.74328	antibacterial	0.76	0.05	0.12	0.44		0	0.23	0.25	0.45	0.03	0.02	0.03	1747	Cutibacterium acnes
SRR6145058	k99_8537	k99_8537_301-3342.1	301	3342	3041	4	0.66661	antibacterial	0.77	0.13	0.23	0.18	Saccharide	0	0.02	0.23	0.03	0.05	0.64	0.03	1234380	Cutibacterium acnes C1
SRR6145058	k99_7525	k99_7525_2-638.1	2	638	636	1	0.55333	antibacterial	0.86	0.05	0.16	0.26		0	0.09	0.07	0.33	0.21	0.03	0.32	1234380	Cutibacterium acnes C1
SRR6145058	k99_5644	k99_5644_274-2695.1	274	2695	2421	1	0.56056	antibacterial	0.87	0.06	0.17	0.26		0	0.09	0.07	0.33	0.21	0.03	0.32	1747	Cutibacterium acnes
SRR6145058	k99_3918	k99_3918_129-1122.1	129	1122	993	1	0.60649	antibacterial	0.87	0.06	0.17	0.26		0	0.09	0.07	0.33	0.21	0.03	0.32	1747	Cutibacterium acnes
SRR6145058	k99_1102	k99_1102_0-1229.1	0	1229	1229	2	0.6337	antibacterial	0.87	0.06	0.17	0.26		0	0.09	0.07	0.33	0.21	0.03	0.32	1747	Cutibacterium acnes
SRR6145058	k99_11535	k99_11535_2-1199.1	2	1199	1197	1	0.58918		0.33	0.03	0.25	0.16		0	0.08	0.21	0.2	0.32	0.03	0.2	1114969	Cutibacterium acnes TypeIA2 P.acn31
SRR6145058	k99_11658	k99_11658_312-591.1	312	591	279	1	0.50251	antibacterial	0.87	0.06	0.17	0.26		0	0.09	0.07	0.33	0.21	0.03	0.32	1747	Cutibacterium acnes
SRR6145058	k99_2853	k99_2853_2-4855.1	2	4855	4853	3	0.56971	antibacterial	0.83	0.06	0.17	0.3		0	0.11	0.08	0.32	0.2	0.03	0.31	1747	Cutibacterium acnes
SRR6145058	k99_8349	k99_8349_40-1657.1	40	1657	1617	1	0.5613	antibacterial-antifungal	0.71	0.05	0.16	0.51	Polyketide	0	0.01	0.23	0.73	0.02	0.01	0.01	1234380	Cutibacterium acnes C1
SRR6145058	k99_1475	k99_1475_0-633.1	0	633	633	1	0.65119	antibacterial	0.68	0.02	0.19	0.47	Polyketide	0.02	0.01	0.28	0.64	0.01	0.03	0.03	1747	Cutibacterium acnes
SRR6145058	k99_2804	k99_2804_89-1885.1	89	1885	1796	3	0.72217		0.42	0.03	0.28	0.16		0	0.09	0.07	0.31	0.27	0.03	0.29	1747	Cutibacterium acnes
SRR6145058	k99_1476	k99_1476_689-1592.1	689	1592	903	1	0.57622	antibacterial-antifungal	0.72	0.01	0.24	0.61	Polyketide	0	0.01	0.07	0.87	0.02	0.02	0.03	1747	Cutibacterium acnes
SRR6145058	k99_7461	k99_7461_566-3227.1	566	3227	2661	1	0.60642	antibacterial	0.87	0.06	0.17	0.26		0	0.09	0.07	0.33	0.21	0.03	0.32	1747	Cutibacterium acnes
SRR6145058	k99_10863	k99_10863_140-746.1	140	746	606	1	0.52252	antibacterial	0.87	0.06	0.17	0.26		0	0.09	0.06	0.36	0.21	0.03	0.31	1747	Cutibacterium acnes
SRR6145058	k99_11543	k99_11543_51-909.1	51	909	858	1	0.51236	antibacterial	0.87	0.06	0.17	0.26		0	0.09	0.07	0.33	0.21	0.03	0.32	1234380	Cutibacterium acnes C1
SRR6145058	k99_10105	k99_10105_2-1676.1	2	1676	1674	1	0.50922	antibacterial	0.87	0.06	0.17	0.26		0	0.09	0.07	0.33	0.21	0.03	0.32	1747	Cutibacterium acnes
SRR6145058	k99_1927	k99_1927_1780-2281.1	1780	2281	501	1	0.52302	antibacterial	0.87	0.06	0.17	0.26		0	0.09	0.07	0.33	0.21	0.03	0.32	1747	Cutibacterium acnes
SRR6145058	k99_1107	k99_1107_586-2268.1	586	2268	1682	2	0.52099	antibacterial	0.85	0.07	0.21	0.24		0	0.03	0.08	0.17	0.16	0.39	0.21	1747	Cutibacterium acnes
SRR6145058	k99_7843	k99_7843_99-924.1	99	924	825	1	0.62192	antibacterial	0.87	0.06	0.17	0.26		0	0.1	0.08	0.33	0.2	0.02	0.31	1747	Cutibacterium acnes
SRR6145058	k99_9802	k99_9802_2-2163.1	2	2163	2161	3	0.55252	antibacterial	0.78	0.06	0.16	0.25		0	0.09	0.11	0.3	0.21	0.03	0.32	1747	Cutibacterium acnes
SRR6145058	k99_1108	k99_1108_356-2496.1	356	2496	2140	2	0.63354	inhibitor	0.2	0.03	0.76	0.14		0	0.27	0.01	0.38	0.31	0	0.03	1747	Cutibacterium acnes
SRR6145058	k99_2932	k99_2932_0-225.1	0	225	225	1	0.59468	antibacterial	0.88	0.06	0.16	0.27		0	0.08	0.11	0.31	0.21	0.03	0.33	1747	Cutibacterium acnes
SRR6145058	k99_7079	k99_7079_207-2760.1	207	2760	2553	2	0.54159	antibacterial	0.87	0.07	0.17	0.22		0	0.02	0.35	0.12	0.37	0	0.15	1747	Cutibacterium acnes
SRR6145058	k99_1728	k99_1728_346-1039.1	346	1039	693	1	0.50677	antibacterial	0.87	0.06	0.17	0.26		0	0.09	0.07	0.33	0.21	0.03	0.32	1747	Cutibacterium acnes
SRR6145058	k99_3687	k99_3687_2088-2667.1	2088	2667	579	1	0.50689	antibacterial	0.87	0.05	0.2	0.25		0	0.08	0.15	0.29	0.2	0.03	0.3	1747	Cutibacterium acnes
SRR6145058	k99_8785	k99_8785_2-1749.1	2	1749	1747	2	0.64624	antibacterial	0.74	0.06	0.13	0.25	Saccharide	0	0	0.04	0.04	0.02	0.87	0.04	1747	Cutibacterium acnes
SRR6145058	k99_10993	k99_10993_0-2850.1	0	2850	2850	4	0.51594	antibacterial	0.54	0.02	0.45	0.17		0	0.35	0.05	0.27	0.16	0.02	0.21	1747	Cutibacterium acnes
SRR6145058	k99_9094	k99_9094_2-872.1	2	872	870	1	0.52987	antibacterial	0.87	0.06	0.17	0.26		0	0.09	0.07	0.33	0.21	0.03	0.32	1747	Cutibacterium acnes
SRR6145058	k99_5195	k99_5195_2-1852.1	2	1852	1850	2	0.51947	antibacterial	0.87	0.06	0.17	0.26		0	0.08	0.12	0.31	0.21	0.03	0.3	1747	Cutibacterium acnes
SRR6145058	k99_11979	k99_11979_48-6860.1	48	6860	6812	7	0.79874	antibacterial	0.63	0.12	0.12	0.13	RiPP	0	0.17	0.06	0.08	0.67	0.02	0.01	1747	Cutibacterium acnes
SRR6145058	k99_2299	k99_2299_241-1797.1	241	1797	1556	2	0.59438	antibacterial	0.87	0.05	0.16	0.24		0	0.09	0.08	0.32	0.21	0.04	0.32	1747	Cutibacterium acnes
SRR6145058	k99_6477	k99_6477_2-3622.1	2	3622	3620	3	0.65527	antibacterial	0.59	0.15	0.18	0.25		0.02	0.14	0.32	0.34	0.08	0.12	0.07	1747	Cutibacterium acnes
SRR6145058	k99_4941	k99_4941_4704-7074.1	4704	7074	2370	2	0.52782	antibacterial	0.72	0.03	0.06	0.24	Polyketide	0.07	0.01	0.18	0.54	0	0.01	0.21	1747	Cutibacterium acnes
SRR6145058	k99_8032	k99_8032_2-3392.1	2	3392	3390	4	0.58872	antibacterial	0.89	0.06	0.18	0.22		0.01	0.05	0.44	0.2	0.13	0.03	0.2	1747	Cutibacterium acnes
SRR6145058	k99_7718	k99_7718_0-3695.1	0	3695	3695	2	0.56193	antibacterial	0.87	0.06	0.18	0.25		0	0.09	0.14	0.3	0.2	0.03	0.3	1747	Cutibacterium acnes
SRR6145058	k99_3308	k99_3308_298-1315.1	298	1315	1017	1	0.56107	antibacterial	0.87	0.06	0.17	0.26		0	0.09	0.07	0.33	0.21	0.03	0.32	1747	Cutibacterium acnes
SRR6145058	k99_8035	k99_8035_2063-3005.1	2063	3005	942	1	0.50265	antibacterial	0.78	0.05	0.14	0.29		0	0.39	0.07	0.22	0.16	0.03	0.18	1747	Cutibacterium acnes
SRR6145058	k99_2858	k99_2858_211-1423.1	211	1423	1212	1	0.53339	antibacterial	0.85	0.08	0.17	0.25		0	0.08	0.19	0.26	0.18	0.07	0.26	1747	Cutibacterium acnes
SRR6145058	k99_4638	k99_4638_2-2401.1	2	2401	2399	3	0.6026	antibacterial	0.83	0.06	0.16	0.31		0	0.11	0.07	0.35	0.21	0.03	0.29	1747	Cutibacterium acnes
SRR6145058	k99_7398	k99_7398_2-1751.1	2	1751	1749	2	0.60582	antibacterial	0.75	0.17	0.14	0.26		0	0.05	0.48	0.17	0.16	0.04	0.14	1234380	Cutibacterium acnes C1
SRR6145058	k99_7398	k99_7398_6299-11329.1	6299	11329	5030	7	0.57629	antibacterial	0.81	0.1	0.04	0.07	RiPP	0	0.03	0.07	0.04	0.85	0	0.01	1234380	Cutibacterium acnes C1
SRR6145058	k99_7398	k99_7398_13866-14943.1	13866	14943	1077	3	0.62969	antibacterial	0.62	0.05	0.12	0.17		0	0.05	0.39	0.19	0.17	0.02	0.21	1234380	Cutibacterium acnes C1
SRR6145058	k99_9316	k99_9316_2-1313.1	2	1313	1311	1	0.52209	antibacterial	0.69	0.07	0.16	0.38	Polyketide	0	0.01	0.2	0.74	0.01	0.02	0.04	1747	Cutibacterium acnes
SRR6145058	k99_8164	k99_8164_779-1517.1	779	1517	738	1	0.55458	antibacterial	0.76	0.06	0.15	0.25	Saccharide	0	0.03	0.05	0.14	0.07	0.66	0.06	1747	Cutibacterium acnes
SRR6145058	k99_8663	k99_8663_2-1111.1	2	1111	1109	2	0.53302	antibacterial	0.7	0.17	0.2	0.11	Other	0.02	0.13	0.56	0.21	0.02	0.12	0.06	1747	Cutibacterium acnes
SRR6145058	k99_5882	k99_5882_1-673.1	1	673	672	1	0.54608	antibacterial	0.8	0.04	0.16	0.47	Polyketide	0	0	0.01	0.92	0.01	0.01	0.05	1747	Cutibacterium acnes
SRR6145058	k99_6381	k99_6381_64-472.1	64	472	408	1	0.56385	antibacterial	0.87	0.06	0.17	0.26		0	0.09	0.07	0.33	0.21	0.03	0.32	1747	Cutibacterium acnes
SRR6145058	k99_7532	k99_7532_2-3010.1	2	3010	3008	2	0.62884	antibacterial	0.83	0.06	0.17	0.3		0	0.11	0.08	0.32	0.2	0.03	0.31	1747	Cutibacterium acnes
SRR6145058	k99_6284	k99_6284_161-1139.1	161	1139	978	1	0.66672	inhibitor	0.24	0.02	0.7	0.13		0.02	0.22	0.06	0.34	0.27	0.01	0.09	1747	Cutibacterium acnes
SRR6145058	k99_9355	k99_9355_2-1088.1	2	1088	1086	1	0.57982		0.42	0.03	0.3	0.14		0	0.09	0.07	0.31	0.27	0.03	0.29	1747	Cutibacterium acnes
SRR6145058	k99_8977	k99_8977_2-1298.1	2	1298	1296	2	0.52863	antibacterial	0.87	0.04	0.09	0.22	RiPP	0	0.05	0.11	0.06	0.72	0.04	0.05	1747	Cutibacterium acnes
SRR6145058	k99_3383	k99_3383_0-1335.1	0	1335	1335	2	0.52849	antibacterial	0.87	0.06	0.17	0.26		0	0.08	0.12	0.31	0.21	0.03	0.3	1234380	Cutibacterium acnes C1
SRR6145058	k99_10618	k99_10618_55-1411.1	55	1411	1356	2	0.59269	antibacterial	0.87	0.06	0.17	0.26		0	0.09	0.07	0.33	0.21	0.03	0.32	1747	Cutibacterium acnes
SRR6145058	k99_7665	k99_7665_860-1541.1	860	1541	681	1	0.55645	antibacterial	0.85	0.07	0.17	0.27		0.01	0.07	0.01	0.22	0.1	0.42	0.23	1747	Cutibacterium acnes
SRR6145058	k99_10557	k99_10557_2-1788.1	2	1788	1786	2	0.69488	antibacterial	0.88	0.06	0.14	0.25		0	0.09	0.07	0.3	0.29	0.03	0.27	1747	Cutibacterium acnes
SRR6145058	k99_6287	k99_6287_698-1247.1	698	1247	549	1	0.5448	antibacterial	0.87	0.06	0.17	0.26		0	0.09	0.07	0.33	0.21	0.03	0.32	1747	Cutibacterium acnes
SRR6145058	k99_12039	k99_12039_1-5483.1	1	5483	5482	8	0.77501	antibacterial	0.87	0.06	0.17	0.26		0	0.09	0.07	0.33	0.21	0.03	0.32	2	Bacteria
SRR6145058	k99_9103	k99_9103_306-1458.1	306	1458	1152	1	0.57955	antibacterial-antifungal	0.78	0.02	0.2	0.63	Polyketide	0	0.01	0.02	0.94	0.03	0	0.01	1747	Cutibacterium acnes
SRR6145058	k99_3438	k99_3438_2-821.1	2	821	819	1	0.54406	inhibitor	0.18	0.02	0.76	0.14		0	0.23	0.04	0.35	0.28	0.01	0.09	1747	Cutibacterium acnes
SRR6145058	k99_10691	k99_10691_2-4073.1	2	4073	4071	4	0.57032	antibacterial	0.63	0.06	0.07	0.11	RiPP	0	0.05	0.17	0.06	0.71	0	0.01	1747	Cutibacterium acnes
SRR6145058	k99_10691	k99_10691_5111-5540.1	5111	5540	429	1	0.54166	antibacterial	0.87	0.05	0.16	0.25		0	0.09	0.07	0.32	0.23	0.04	0.3	1747	Cutibacterium acnes
SRR6145058	k99_662	k99_662_2-95.1	2	95	93	1	0.67722	antibacterial	0.87	0.06	0.17	0.26		0	0.09	0.07	0.33	0.21	0.03	0.32	1747	Cutibacterium acnes
SRR6145058	k99_2494	k99_2494_0-2195.1	0	2195	2195	2	0.54879	antibacterial	0.87	0.06	0.17	0.26		0	0.09	0.07	0.33	0.21	0.03	0.32	10621	Human papillomavirus 9
SRR6145058	k99_9726	k99_9726_0-1955.1	0	1955	1955	2	0.56172	antibacterial	0.8	0.04	0.16	0.46	Polyketide	0	0	0.01	0.92	0.01	0.01	0.05	1747	Cutibacterium acnes
SRR6145058	k99_9158	k99_9158_602-1241.1	602	1241	639	1	0.57769	antibacterial	0.87	0.06	0.17	0.26		0	0.09	0.07	0.33	0.21	0.03	0.32	1747	Cutibacterium acnes
SRR6145058	k99_6203	k99_6203_840-1260.1	840	1260	420	1	0.53509	antibacterial	0.87	0.06	0.17	0.26		0	0.09	0.07	0.33	0.21	0.03	0.32	1747	Cutibacterium acnes
SRR6145058	k99_2626	k99_2626_0-1565.1	0	1565	1565	2	0.55418	antibacterial	0.86	0.06	0.17	0.25		0	0.09	0.07	0.33	0.21	0.03	0.32	1747	Cutibacterium acnes
SRR6145058	k99_11066	k99_11066_928-2994.1	928	2994	2066	2	0.57461	antibacterial-antifungal	0.77	0.02	0.2	0.63	Polyketide	0	0.01	0.02	0.94	0.03	0	0.01	1747	Cutibacterium acnes
SRR6145058	k99_1607	k99_1607_265-1516.1	265	1516	1251	1	0.62389	antibacterial-antifungal	0.78	0.02	0.18	0.6	Polyketide	0.02	0.01	0.04	0.9	0.03	0	0.01	1747	Cutibacterium acnes
SRR6145058	k99_2627	k99_2627_0-891.1	0	891	891	1	0.75866	antibacterial	0.78	0.03	0.21	0.14		0	0.22	0.24	0.32	0.1	0.01	0.11	1747	Cutibacterium acnes
SRR6145058	k99_5833	k99_5833_1-1044.1	1	1044	1043	2	0.75832	antibacterial	0.61	0.27	0.21	0.14		0.02	0.03	0.27	0.19	0.32	0	0.17	1747	Cutibacterium acnes
SRR6145058	k99_3751	k99_3751_159-795.1	159	795	636	1	0.53176	antibacterial	0.83	0.04	0.16	0.23		0	0.07	0.06	0.35	0.28	0.01	0.27	1747	Cutibacterium acnes
SRR6145058	k99_10305	k99_10305_1907-2123.1	1907	2123	216	1	0.52919	antibacterial	0.87	0.06	0.17	0.26		0	0.09	0.07	0.33	0.21	0.03	0.32	1747	Cutibacterium acnes
SRR6145058	k99_5017	k99_5017_1-1072.1	1	1072	1071	1	0.88646	inhibitor	0.29	0.06	0.73	0.11	NRP	0	0.63	0.13	0.16	0.01	0.02	0.07	1881017	Pseudomonas sp. 7SR1
SRR6145058	k99_9878	k99_9878_0-1299.1	0	1299	1299	2	0.54504	antibacterial	0.87	0.06	0.17	0.25		0	0.09	0.07	0.33	0.21	0.03	0.32	1747	Cutibacterium acnes
SRR6145058	k99_11921	k99_11921_136-1744.1	136	1744	1608	1	0.57955	antibacterial-antifungal	0.78	0.02	0.2	0.63	Polyketide	0	0.01	0.02	0.94	0.03	0	0.01	1747	Cutibacterium acnes
SRR6145058	k99_6654	k99_6654_1-6257.1	1	6257	6256	8	0.68689		0.27	0.43	0.24	0.01		0.01	0.02	0.23	0.3	0.03	0.24	0.43	1747	Cutibacterium acnes
SRR6145058	k99_6153	k99_6153_959-1385.1	959	1385	426	1	0.6361	antibacterial	0.88	0.11	0.16	0.29		0.01	0.09	0.06	0.43	0.18	0.04	0.28	1747	Cutibacterium acnes
SRR6145058	k99_1231	k99_1231_233-776.1	233	776	543	1	0.69307	antibacterial	0.61	0.05	0.12	0.17		0	0.05	0.39	0.19	0.17	0.02	0.21	1747	Cutibacterium acnes
SRR6145058	k99_4509	k99_4509_1650-3225.1	1650	3225	1575	1	0.50225	antibacterial	0.87	0.06	0.17	0.26		0	0.09	0.07	0.33	0.21	0.03	0.32	1747	Cutibacterium acnes
SRR6145058	k99_10126	k99_10126_183-1038.1	183	1038	855	1	0.5784	antibacterial	0.86	0.05	0.16	0.26		0	0.09	0.07	0.33	0.21	0.03	0.32	1747	Cutibacterium acnes
SRR6145058	k99_926	k99_926_205-1662.1	205	1662	1457	2	0.63409		0.45	0.35	0.16	0.04		0.01	0.02	0.21	0.06	0.25	0	0.45	1747	Cutibacterium acnes
SRR6145058	k99_2176	k99_2176_2-701.1	2	701	699	1	0.62725	antibacterial	0.87	0.06	0.17	0.26		0	0.09	0.07	0.33	0.21	0.03	0.32	1234380	Cutibacterium acnes C1
SRR6145058	k99_1753	k99_1753_0-1567.1	0	1567	1567	3	0.68595	antibacterial	0.62	0.15	0.29	0.2		0	0.06	0.17	0.24	0.31	0.02	0.25	1747	Cutibacterium acnes
SRR6145058	k99_4903	k99_4903_1182-2463.1	1182	2463	1281	1	0.64492	antibacterial	0.88	0.06	0.16	0.23	RiPP	0	0.03	0.17	0.1	0.62	0.01	0.08	1747	Cutibacterium acnes
SRR6145058	k99_4903	k99_4903_4057-6397.1	4057	6397	2340	4	0.60432	antibacterial	0.86	0.05	0.17	0.21		0	0.06	0.13	0.2	0.43	0	0.2	1747	Cutibacterium acnes
SRR6145058	k99_8355	k99_8355_0-1815.1	0	1815	1815	3	0.62287	antibacterial	0.81	0.08	0.21	0.25	Saccharide	0	0.01	0.01	0.06	0.04	0.79	0.12	1747	Cutibacterium acnes
SRR6145058	k99_1190	k99_1190_1463-1736.1	1463	1736	273	1	0.51411	antibacterial	0.83	0.06	0.21	0.26		0	0.05	0.19	0.28	0.2	0.03	0.3	1747	Cutibacterium acnes
SRR6145058	k99_5516	k99_5516_682-1642.1	682	1642	960	1	0.57697	antibacterial	0.68	0.15	0.12	0.16		0.05	0.06	0.31	0.16	0.1	0.11	0.35	1747	Cutibacterium acnes
SRR6145058	k99_11441	k99_11441_2-1721.1	2	1721	1719	1	0.567	antibacterial	0.87	0.06	0.17	0.26		0	0.09	0.07	0.33	0.21	0.03	0.32	1747	Cutibacterium acnes
SRR6145058	k99_8040	k99_8040_0-1789.1	0	1789	1789	3	0.56112	antibacterial	0.86	0.08	0.17	0.26		0	0.09	0.07	0.33	0.21	0.03	0.32	1747	Cutibacterium acnes
SRR6145058	k99_4009	k99_4009_101-1042.1	101	1042	941	2	0.672	antibacterial	0.78	0.06	0.15	0.21		0	0.06	0.06	0.36	0.27	0.01	0.28	1114969	Cutibacterium acnes TypeIA2 P.acn31
SRR6145058	k99_11805	k99_11805_2-3798.1	2	3798	3796	4	0.65998		0.24	0.35	0.18	0.07		0.08	0	0.22	0.19	0.08	0.22	0.45	1747	Cutibacterium acnes
SRR6145058	k99_7674	k99_7674_1-532.1	1	532	531	1	0.62039	antibacterial	0.83	0.05	0.2	0.23	Saccharide	0	0.06	0.05	0.15	0.1	0.54	0.13	1747	Cutibacterium acnes
SRR6145058	k99_7154	k99_7154_1-541.1	1	541	540	1	0.55076	antibacterial	0.87	0.06	0.17	0.26		0	0.09	0.07	0.33	0.21	0.03	0.32	1234380	Cutibacterium acnes C1
SRR6145058	k99_988	k99_988_2-1575.1	2	1575	1573	2	0.53713	antibacterial	0.53	0.1	0.06	0.45		0	0.4	0.16	0.36	0.05	0.02	0.03	1234380	Cutibacterium acnes C1
SRR6145058	k99_10571	k99_10571_1-1108.1	1	1108	1107	2	0.63651	antibacterial	0.8	0.04	0.16	0.46	Polyketide	0	0	0.01	0.92	0.01	0.01	0.05	1747	Cutibacterium acnes
SRR6145058	k99_9693	k99_9693_2-389.1	2	389	387	1	0.50728	antibacterial	0.87	0.06	0.17	0.26		0	0.09	0.07	0.33	0.21	0.03	0.32	1747	Cutibacterium acnes
SRR6145058	k99_7679	k99_7679_0-663.1	0	663	663	1	0.62878	antibacterial	0.86	0.06	0.17	0.26		0	0.09	0.15	0.28	0.2	0.03	0.3	1747	Cutibacterium acnes
SRR6145058	k99_2871	k99_2871_0-1194.1	0	1194	1194	2	0.65381	antibacterial	0.77	0.12	0.14	0.2		0	0.06	0.44	0.25	0.11	0.02	0.14	1747	Cutibacterium acnes
SRR6145058	k99_10493	k99_10493_2051-2399.1	2051	2399	348	1	0.54484	antibacterial	0.76	0.06	0.15	0.25	Saccharide	0	0.03	0.05	0.14	0.07	0.66	0.06	1747	Cutibacterium acnes
SRR6145058	k99_8992	k99_8992_2531-3140.1	2531	3140	609	1	0.58125	antibacterial	0.61	0.05	0.12	0.17		0	0.05	0.39	0.19	0.17	0.02	0.21	1747	Cutibacterium acnes
SRR6145058	k99_3639	k99_3639_2-2033.1	2	2033	2031	2	0.55448	antibacterial	0.8	0.04	0.16	0.46	Polyketide	0	0	0.01	0.92	0.01	0.01	0.05	1747	Cutibacterium acnes
SRR6145058	k99_7479	k99_7479_2-1855.1	2	1855	1853	4	0.59285	antibacterial	0.87	0.06	0.17	0.26		0	0.09	0.07	0.33	0.21	0.03	0.32	1747	Cutibacterium acnes
SRR6145058	k99_1195	k99_1195_0-1661.1	0	1661	1661	2	0.64105	antibacterial	0.87	0.06	0.18	0.26		0	0.09	0.07	0.33	0.21	0.03	0.32	1747	Cutibacterium acnes
SRR6145058	k99_7216	k99_7216_2-3523.1	2	3523	3521	5	0.58528		0.39	0.24	0.24	0.11		0.11	0	0.27	0.16	0.03	0.13	0.45	1747	Cutibacterium acnes
SRR6145058	k99_7217	k99_7217_611-1061.1	611	1061	450	1	0.57133	antibacterial	0.87	0.07	0.17	0.25		0	0.09	0.13	0.28	0.22	0.03	0.3	1747	Cutibacterium acnes
SRR6145058	k99_3454	k99_3454_7086-7914.1	7086	7914	828	1	0.50484		0.41	0.4	0.21	0.04		0.04	0	0.4	0.09	0.21	0	0.27	1747	Cutibacterium acnes
SRR6145058	k99_7293	k99_7293_2-1338.1	2	1338	1336	3	0.67371	antibacterial	0.73	0.05	0.25	0.09		0	0.18	0.06	0.33	0.01	0.01	0.42	1747	Cutibacterium acnes
SRR6145058	k99_7355	k99_7355_79-3597.1	79	3597	3518	3	0.58793		0.34	0.43	0.12	0.12	Terpene	0.06	0	0.12	0.28	0.05	0.24	0.5	1747	Cutibacterium acnes
SRR6145058	k99_1558	k99_1558_0-837.1	0	837	837	1	0.5969	antibacterial	0.82	0.09	0.19	0.26		0	0.09	0.18	0.3	0.2	0.02	0.25	1234380	Cutibacterium acnes C1
SRR6145058	k99_7357	k99_7357_956-1193.1	956	1193	237	1	0.50122	antibacterial	0.87	0.06	0.17	0.26		0	0.09	0.07	0.33	0.21	0.03	0.32	1747	Cutibacterium acnes
SRR6145058	k99_12002	k99_12002_445-1711.1	445	1711	1266	1	0.55094	antibacterial	0.52	0.18	0.34	0.16	Other	0	0.1	0.73	0.06	0.02	0	0.09	1747	Cutibacterium acnes
SRR6145058	k99_8107	k99_8107_317-2853.1	317	2853	2536	2	0.60532	antibacterial	0.83	0.05	0.2	0.23	Saccharide	0	0.06	0.05	0.15	0.1	0.54	0.13	1234380	Cutibacterium acnes C1
SRR6145058	k99_8170	k99_8170_1-1669.1	1	1669	1668	3	0.57539	antibacterial	0.85	0.06	0.19	0.23		0	0.09	0.09	0.32	0.22	0.02	0.3	1747	Cutibacterium acnes
SRR6145058	k99_5472	k99_5472_2-2200.1	2	2200	2198	2	0.60232	antibacterial	0.87	0.06	0.17	0.26		0	0.09	0.07	0.33	0.21	0.03	0.32	1747	Cutibacterium acnes
SRR6145058	k99_5214	k99_5214_1-1915.1	1	1915	1914	1	0.58396	antibacterial	0.87	0.06	0.17	0.26		0	0.09	0.07	0.33	0.21	0.03	0.32	1747	Cutibacterium acnes
SRR6145058	k99_10199	k99_10199_7862-8144.1	7862	8144	282	1	0.63702	antibacterial	0.87	0.06	0.17	0.26		0	0.09	0.07	0.33	0.21	0.03	0.32	9606	Homo sapiens
SRR6145058	k99_8881	k99_8881_1-3989.1	1	3989	3988	6	0.75891	antibacterial	0.72	0.07	0.16	0.27		0	0.07	0.14	0.43	0.12	0.02	0.26	1747	Cutibacterium acnes
SRR6145058	k99_10078	k99_10078_306-690.1	306	690	384	1	0.6285	antibacterial	0.87	0.06	0.17	0.26		0	0.1	0.08	0.33	0.2	0.02	0.31	1234380	Cutibacterium acnes C1
SRR6145058	k99_7609	k99_7609_1352-1664.1	1352	1664	312	1	0.52866	antibacterial	0.87	0.06	0.17	0.26		0	0.09	0.07	0.33	0.21	0.03	0.32	9606	Homo sapiens
SRR6145058	k99_9889	k99_9889_2-1768.1	2	1768	1766	2	0.62195	antibacterial	0.7	0.05	0.15	0.14	RiPP	0	0.02	0.22	0.02	0.74	0	0	1747	Cutibacterium acnes
SRR6145058	k99_9114	k99_9114_2-3301.1	2	3301	3299	5	0.8107	antibacterial	0.63	0.15	0.16	0.11		0	0.03	0.14	0.12	0.27	0.02	0.44	1747	Cutibacterium acnes
SRR6145058	k99_6862	k99_6862_211-6346.1	211	6346	6135	8	0.59776	antibacterial	0.5	0.09	0.31	0.15		0	0.08	0.23	0.27	0.4	0.01	0.04	1747	Cutibacterium acnes
SRR6145058	k99_8364	k99_8364_2-224.1	2	224	222	1	0.52322	antibacterial	0.86	0.06	0.17	0.26		0	0.09	0.07	0.33	0.21	0.03	0.32	1747	Cutibacterium acnes
SRR6145058	k99_9738	k99_9738_1-1063.1	1	1063	1062	1	0.62707	antibacterial	0.83	0.06	0.17	0.3		0	0.11	0.08	0.32	0.2	0.03	0.31	1747	Cutibacterium acnes
SRR6145058	k99_2510	k99_2510_699-1947.1	699	1947	1248	1	0.5256	antibacterial	0.76	0.05	0.13	0.29		0	0.34	0.09	0.28	0.15	0.02	0.16	1747	Cutibacterium acnes
SRR6145058	k99_8441	k99_8441_815-1562.1	815	1562	747	1	0.6134	antibacterial	0.86	0.06	0.17	0.26		0	0.1	0.08	0.32	0.21	0.03	0.31	1747	Cutibacterium acnes
SRR6145058	k99_8116	k99_8116_2-1173.1	2	1173	1171	2	0.67772	antibacterial	0.65	0.1	0.11	0.12	RiPP	0	0.01	0.14	0.03	0.81	0	0.01	1747	Cutibacterium acnes
SRR6145058	k99_9739	k99_9739_2-1100.1	2	1100	1098	1	0.56101	antibacterial	0.85	0.06	0.17	0.26		0	0.09	0.07	0.32	0.19	0.09	0.3	1747	Cutibacterium acnes
SRR6145058	k99_8558	k99_8558_1578-4026.1	1578	4026	2448	3	0.53723	antibacterial	0.76	0.12	0.06	0.06	RiPP	0	0.02	0.18	0.02	0.78	0	0	1747	Cutibacterium acnes
SRR6145058	k99_1815	k99_1815_2-1457.1	2	1457	1455	1	0.57278	antibacterial	0.87	0.06	0.18	0.26		0	0.09	0.07	0.33	0.21	0.03	0.32	1747	Cutibacterium acnes
SRR6145058	k99_9701	k99_9701_151-457.1	151	457	306	1	0.58383	antibacterial	0.87	0.05	0.16	0.25		0	0.09	0.07	0.32	0.23	0.04	0.3	1747	Cutibacterium acnes
SRR6145058	k99_7494	k99_7494_0-1687.1	0	1687	1687	2	0.57414	antibacterial	0.87	0.06	0.17	0.26		0	0.09	0.07	0.33	0.21	0.03	0.32	1747	Cutibacterium acnes
SRR6145058	k99_2767	k99_2767_0-1080.1	0	1080	1080	1	0.61863	antibacterial	0.8	0.04	0.16	0.46	Polyketide	0	0	0.01	0.92	0.01	0.01	0.05	1747	Cutibacterium acnes
SRR6145058	k99_9745	k99_9745_2-1182.1	2	1182	1180	2	0.68246	antibacterial	0.55	0.03	0.46	0.13	Polyketide-Terpene	0	0.02	0	0.78	0	0.04	0.91	1747	Cutibacterium acnes
SRR6145058	k99_6411	k99_6411_220-3341.1	220	3341	3121	2	0.95368	inhibitor	0.05	0	0.95	0	NRP	0	0.85	0.15	0	0	0	0	1234380	Cutibacterium acnes C1
SRR6145058	k99_5227	k99_5227_590-1119.1	590	1119	529	2	0.66528	antibacterial	0.87	0.06	0.17	0.26		0	0.09	0.07	0.33	0.21	0.03	0.32	1747	Cutibacterium acnes
SRR6145058	k99_11506	k99_11506_71-2063.1	71	2063	1992	2	0.6057	antibacterial	0.87	0.06	0.17	0.26		0.02	0.09	0.12	0.31	0.2	0.02	0.28	1747	Cutibacterium acnes
SRR6145058	k99_1004	k99_1004_1-649.1	1	649	648	1	0.67814	antibacterial	0.57	0.21	0.2	0.08		0.03	0.03	0.34	0.12	0.2	0	0.27	1747	Cutibacterium acnes
SRR6145058	k99_11564	k99_11564_2-353.1	2	353	351	1	0.5005	antibacterial	0.88	0.05	0.15	0.27		0	0.09	0.08	0.33	0.21	0.03	0.31	1747	Cutibacterium acnes
SRR6145058	k99_6349	k99_6349_0-765.1	0	765	765	1	0.51021	antibacterial	0.87	0.06	0.17	0.26		0	0.08	0.12	0.31	0.21	0.03	0.3	1747	Cutibacterium acnes
SRR6145058	k99_9005	k99_9005_0-1095.1	0	1095	1095	1	0.54416	antibacterial	0.89	0.06	0.16	0.23		0	0.03	0.29	0.12	0.39	0.01	0.18	1747	Cutibacterium acnes
SRR6145058	k99_8061	k99_8061_632-1055.1	632	1055	423	1	0.53025	antibacterial	0.86	0.07	0.17	0.27		0	0.07	0.13	0.31	0.2	0.03	0.32	1747	Cutibacterium acnes
SRR6145058	k99_4025	k99_4025_431-1343.1	431	1343	912	1	0.7604	antibacterial	0.92	0.01	0.04	0.07	Polyketide	0	0.23	0.23	0.54	0	0	0	1747	Cutibacterium acnes
SRR6145058	k99_5161	k99_5161_405-1335.1	405	1335	930	1	0.56663	inhibitor	0.29	0.05	0.66	0.06	Polyketide	0	0.2	0.05	0.8	0.01	0	0.01	1747	Cutibacterium acnes
SRR6145058	k99_10641	k99_10641_1-325.1	1	325	324	1	0.50429	antibacterial	0.8	0.04	0.16	0.46	Polyketide	0	0	0.01	0.92	0.01	0.01	0.05	1234380	Cutibacterium acnes C1
SRR6145058	k99_11572	k99_11572_490-1663.1	490	1663	1173	1	0.65041	antibacterial	0.9	0.01	0.04	0.09	Terpene	0.09	0.05	0.03	0.1	0.08	0	0.67	1747	Cutibacterium acnes
SRR6145058	k99_10643	k99_10643_221-1232.1	221	1232	1011	1	0.66426	antibacterial	0.76	0.06	0.14	0.28		0	0.07	0.25	0.24	0.21	0.03	0.25	1747	Cutibacterium acnes
SRR6145058	k99_12010	k99_12010_1-5968.1	1	5968	5967	4	0.67197	antibacterial	0.86	0.05	0.08	0.11	RiPP	0	0.03	0.12	0.02	0.81	0	0.02	1747	Cutibacterium acnes
SRR6145058	k99_12010	k99_12010_7405-8674.1	7405	8674	1269	1	0.51831	antibacterial	0.86	0.06	0.17	0.26		0	0.1	0.08	0.32	0.21	0.03	0.31	1747	Cutibacterium acnes
SRR6145058	k99_11818	k99_11818_1262-2750.1	1262	2750	1488	1	0.56181	antibacterial	0.87	0.06	0.17	0.26		0	0.09	0.07	0.33	0.21	0.03	0.32	1747	Cutibacterium acnes
SRR6145058	k99_4029	k99_4029_0-1207.1	0	1207	1207	2	0.61108	antibacterial	0.87	0.06	0.17	0.26		0	0.09	0.07	0.33	0.21	0.03	0.32	1747	Cutibacterium acnes
SRR6145058	k99_11819	k99_11819_0-462.1	0	462	462	1	0.57945	antibacterial	0.58	0.09	0.37	0.17	Other	0	0.18	0.5	0.13	0.06	0.01	0.14	1747	Cutibacterium acnes
SRR6145058	k99_9570	k99_9570_2-2852.1	2	2852	2850	4	0.73914	antibacterial	0.64	0.08	0.15	0.42	Polyketide	0.02	0.02	0.33	0.61	0.02	0.01	0	1747	Cutibacterium acnes
SRR6145058	k99_10646	k99_10646_1235-1967.1	1235	1967	732	1	0.51811	antibacterial	0.76	0.06	0.14	0.28		0	0.07	0.25	0.24	0.21	0.03	0.25	1234380	Cutibacterium acnes C1
SRR6145058	k99_4723	k99_4723_0-1071.1	0	1071	1071	1	0.70117	antibacterial	0.75	0.07	0.3	0.21		0	0.25	0.06	0.37	0.13	0.03	0.2	1747	Cutibacterium acnes
SRR6145058	k99_10381	k99_10381_0-771.1	0	771	771	1	0.54786	antibacterial	0.87	0.06	0.17	0.26		0	0.09	0.07	0.33	0.21	0.03	0.32	1747	Cutibacterium acnes
SRR6145058	k99_10381	k99_10381_1813-2086.1	1813	2086	273	1	0.54025	antibacterial	0.87	0.06	0.17	0.26		0	0.09	0.07	0.33	0.21	0.03	0.32	1747	Cutibacterium acnes
SRR6145058	k99_377	k99_377_264-1038.1	264	1038	774	1	0.68652	antibacterial	0.86	0.06	0.18	0.26		0	0.09	0.08	0.32	0.21	0.03	0.32	1747	Cutibacterium acnes
SRR6145058	k99_7239	k99_7239_644-4617.1	644	4617	3973	5	0.88157	antibacterial	0.92	0.03	0.04	0.15	Polyketide	0	0.2	0.22	0.6	0	0	0	1747	Cutibacterium acnes
SRR6145058	k99_6801	k99_6801_368-3219.1	368	3219	2851	3	0.55075	antibacterial	0.87	0.06	0.17	0.26		0	0.08	0.12	0.31	0.21	0.03	0.3	1747	Cutibacterium acnes
SRR6145058	k99_3274	k99_3274_593-1769.1	593	1769	1176	1	0.61296	antibacterial	0.87	0.06	0.17	0.26		0	0.09	0.07	0.33	0.21	0.03	0.32	1747	Cutibacterium acnes
SRR6145058	k99_3968	k99_3968_2832-6090.1	2832	6090	3258	3	0.61253		0.19	0.44	0.11	0.03	Polyketide	0.04	0	0.1	0.65	0	0.13	0.21	1747	Cutibacterium acnes
SRR9696284	k99_23259	k99_23259_5795-6077.1	5795	6077	282	1	0.58867	antibacterial	0.87	0.06	0.17	0.26		0	0.09	0.07	0.33	0.21	0.03	0.32	9606	Homo sapiens
SRR9696284	k99_4892	k99_4892_2831-3206.1	2831	3206	375	1	0.52866	antibacterial	0.87	0.06	0.17	0.26		0	0.09	0.07	0.33	0.21	0.03	0.32	9606	Homo sapiens
SRR9696284	k99_22679	k99_22679_585-2334.1	585	2334	1749	1	0.52866	antibacterial	0.87	0.06	0.17	0.26		0	0.09	0.07	0.33	0.21	0.03	0.32	9606	Homo sapiens
SRR9696284	k99_10645	k99_10645_117-1009.1	117	1009	892	3	0.56366	antibacterial	0.87	0.06	0.17	0.26		0	0.09	0.07	0.33	0.21	0.03	0.32	9606	Homo sapiens
SRR9696284	k99_10206	k99_10206_1-535.1	1	535	534	1	0.51614	antibacterial	0.87	0.06	0.17	0.26		0	0.09	0.07	0.33	0.21	0.03	0.32	9606	Homo sapiens
SRR9696284	k99_8750	k99_8750_1455-1557.1	1455	1557	102	1	0.51367	antibacterial	0.87	0.06	0.17	0.26		0	0.09	0.07	0.33	0.21	0.03	0.32	9606	Homo sapiens
SRR9696284	k99_7150	k99_7150_1041-1221.1	1041	1221	180	1	0.52866	antibacterial	0.87	0.06	0.17	0.26		0	0.09	0.07	0.33	0.21	0.03	0.32	9606	Homo sapiens
SRR9696284	k99_22360	k99_22360_0-663.1	0	663	663	1	0.52866	antibacterial	0.87	0.06	0.17	0.26		0	0.09	0.07	0.33	0.21	0.03	0.32	9606	Homo sapiens
SRR9696284	k99_17664	k99_17664_2-1731.1	2	1731	1729	3	0.55942	antibacterial	0.87	0.06	0.17	0.26		0	0.09	0.07	0.33	0.21	0.03	0.32	9606	Homo sapiens
