sample	contig	bgc_candidate_id	deepbgc_score	product_activity	protein_id
SRR6145058	k99_10206	k99_10206_1-1815.1	0.66242	antibacterial	k99_10206_k99_10206_1
SRR6145058	k99_10206	k99_10206_1-1815.1	0.66242	antibacterial	k99_10206_k99_10206_2
SRR6145058	k99_10206	k99_10206_1-1815.1	0.66242	antibacterial	k99_10206_k99_10206_3
SRR6145058	k99_3276	k99_3276_732-1782.1	0.54939	inhibitor	k99_3276_k99_3276_3
SRR6145058	k99_10774	k99_10774_2-1054.1	0.78506	antibacterial	k99_10774_k99_10774_1
SRR6145058	k99_10774	k99_10774_2-1054.1	0.78506	antibacterial	k99_10774_k99_10774_2
SRR6145058	k99_5041	k99_5041_146-2325.1	0.61091	antibacterial	k99_5041_k99_5041_1
SRR6145058	k99_5041	k99_5041_146-2325.1	0.61091	antibacterial	k99_5041_k99_5041_2
SRR6145058	k99_8005	k99_8005_1-1285.1	0.61863	antibacterial	k99_8005_k99_8005_1
SRR6145058	k99_5796	k99_5796_638-1148.1	0.53562	antibacterial	k99_5796_k99_5796_2
SRR6145058	k99_1386	k99_1386_0-621.1	0.52589	antibacterial	k99_1386_k99_1386_1
SRR6145058	k99_7371	k99_7371_1-1290.1	0.62822	antibacterial	k99_7371_k99_7371_1
SRR6145058	k99_7371	k99_7371_1-1290.1	0.62822	antibacterial	k99_7371_k99_7371_2
SRR6145058	k99_6742	k99_6742_842-2056.1	0.53107	antibacterial	k99_6742_k99_6742_2
SRR6145058	k99_6742	k99_6742_842-2056.1	0.53107	antibacterial	k99_6742_k99_6742_3
SRR6145058	k99_6745	k99_6745_2-2428.1	0.70007	antibacterial	k99_6745_k99_6745_1
SRR6145058	k99_6745	k99_6745_2-2428.1	0.70007	antibacterial	k99_6745_k99_6745_2
SRR6145058	k99_6745	k99_6745_2-2428.1	0.70007	antibacterial	k99_6745_k99_6745_3
SRR6145058	k99_6745	k99_6745_2-2428.1	0.70007	antibacterial	k99_6745_k99_6745_4
SRR6145058	k99_1834	k99_1834_455-2483.1	0.53487	antibacterial	k99_1834_k99_1834_2
SRR6145058	k99_1834	k99_1834_455-2483.1	0.53487	antibacterial	k99_1834_k99_1834_3
SRR6145058	k99_1834	k99_1834_455-2483.1	0.53487	antibacterial	k99_1834_k99_1834_4
SRR6145058	k99_4731	k99_4731_2-2539.1	0.52235	antibacterial	k99_4731_k99_4731_1
SRR6145058	k99_4731	k99_4731_2-2539.1	0.52235	antibacterial	k99_4731_k99_4731_2
SRR6145058	k99_1513	k99_1513_74-2271.1	0.68905	antibacterial	k99_1513_k99_1513_1
SRR6145058	k99_1513	k99_1513_74-2271.1	0.68905	antibacterial	k99_1513_k99_1513_2
SRR6145058	k99_1513	k99_1513_74-2271.1	0.68905	antibacterial	k99_1513_k99_1513_3
SRR6145058	k99_9897	k99_9897_700-1429.1	0.53475	antibacterial	k99_9897_k99_9897_2
SRR6145058	k99_9897	k99_9897_700-1429.1	0.53475	antibacterial	k99_9897_k99_9897_3
SRR6145058	k99_11027	k99_11027_2-734.1	0.50736	antibacterial	k99_11027_k99_11027_1
SRR6145058	k99_5422	k99_5422_843-1005.1	0.52528	antibacterial	k99_5422_k99_5422_1
SRR6145058	k99_4032	k99_4032_102-2014.1	0.53411	antibacterial	k99_4032_k99_4032_1
SRR6145058	k99_4032	k99_4032_102-2014.1	0.53411	antibacterial	k99_4032_k99_4032_2
SRR6145058	k99_4032	k99_4032_3003-3198.1	0.57125	antibacterial	k99_4032_k99_4032_4
SRR6145058	k99_5424	k99_5424_0-2147.1	0.94926	antibacterial	k99_5424_k99_5424_1
SRR6145058	k99_5424	k99_5424_0-2147.1	0.94926	antibacterial	k99_5424_k99_5424_2
SRR6145058	k99_5424	k99_5424_0-2147.1	0.94926	antibacterial	k99_5424_k99_5424_3
SRR6145058	k99_10586	k99_10586_0-3301.1	0.60751	antibacterial	k99_10586_k99_10586_1
SRR6145058	k99_10586	k99_10586_0-3301.1	0.60751	antibacterial	k99_10586_k99_10586_2
SRR6145058	k99_10586	k99_10586_0-3301.1	0.60751	antibacterial	k99_10586_k99_10586_3
SRR6145058	k99_10144	k99_10144_2-649.1	0.69932	antibacterial	k99_10144_k99_10144_1
SRR6145058	k99_10144	k99_10144_2-649.1	0.69932	antibacterial	k99_10144_k99_10144_2
SRR6145058	k99_10780	k99_10780_219-1431.1	0.5087	antibacterial	k99_10780_k99_10780_2
SRR6145058	k99_8637	k99_8637_2-5308.1	0.61659	antibacterial	k99_8637_k99_8637_1
SRR6145058	k99_8637	k99_8637_2-5308.1	0.61659	antibacterial	k99_8637_k99_8637_2
SRR6145058	k99_8637	k99_8637_2-5308.1	0.61659	antibacterial	k99_8637_k99_8637_3
SRR6145058	k99_8637	k99_8637_2-5308.1	0.61659	antibacterial	k99_8637_k99_8637_4
SRR6145058	k99_8637	k99_8637_2-5308.1	0.61659	antibacterial	k99_8637_k99_8637_5
SRR6145058	k99_1516	k99_1516_2-4366.1	0.65176	antibacterial	k99_1516_k99_1516_1
SRR6145058	k99_1516	k99_1516_2-4366.1	0.65176	antibacterial	k99_1516_k99_1516_2
SRR6145058	k99_1516	k99_1516_2-4366.1	0.65176	antibacterial	k99_1516_k99_1516_3
SRR6145058	k99_1516	k99_1516_2-4366.1	0.65176	antibacterial	k99_1516_k99_1516_4
SRR6145058	k99_3530	k99_3530_2-518.1	0.61469	antibacterial	k99_3530_k99_3530_1
SRR6145058	k99_3530	k99_3530_6403-7225.1	0.51224	antibacterial	k99_3530_k99_3530_7
SRR6145058	k99_12019	k99_12019_2-7734.1	0.72425	antibacterial	k99_12019_k99_12019_1
SRR6145058	k99_12019	k99_12019_2-7734.1	0.72425	antibacterial	k99_12019_k99_12019_2
SRR6145058	k99_12019	k99_12019_2-7734.1	0.72425	antibacterial	k99_12019_k99_12019_3
SRR6145058	k99_12019	k99_12019_2-7734.1	0.72425	antibacterial	k99_12019_k99_12019_4
SRR6145058	k99_12019	k99_12019_2-7734.1	0.72425	antibacterial	k99_12019_k99_12019_5
SRR6145058	k99_12019	k99_12019_2-7734.1	0.72425	antibacterial	k99_12019_k99_12019_6
SRR6145058	k99_12019	k99_12019_2-7734.1	0.72425	antibacterial	k99_12019_k99_12019_7
SRR6145058	k99_12019	k99_12019_2-7734.1	0.72425	antibacterial	k99_12019_k99_12019_8
SRR6145058	k99_12019	k99_12019_2-7734.1	0.72425	antibacterial	k99_12019_k99_12019_9
SRR6145058	k99_12019	k99_12019_8761-10466.1	0.56888	antibacterial	k99_12019_k99_12019_11
SRR6145058	k99_12019	k99_12019_8761-10466.1	0.56888	antibacterial	k99_12019_k99_12019_12
SRR6145058	k99_12019	k99_12019_8761-10466.1	0.56888	antibacterial	k99_12019_k99_12019_13
SRR6145058	k99_11459	k99_11459_929-2980.1	0.55692	antibacterial	k99_11459_k99_11459_2
SRR6145058	k99_11459	k99_11459_929-2980.1	0.55692	antibacterial	k99_11459_k99_11459_3
SRR6145058	k99_7821	k99_7821_696-1164.1	0.67666	antibacterial	k99_7821_k99_7821_2
SRR6145058	k99_12020	k99_12020_1423-2452.1	0.56925	antibacterial	k99_12020_k99_12020_2
SRR6145058	k99_4860	k99_4860_1-2301.1	0.63891	antibacterial	k99_4860_k99_4860_1
SRR6145058	k99_4860	k99_4860_1-2301.1	0.63891	antibacterial	k99_4860_k99_4860_2
SRR6145058	k99_10651	k99_10651_0-2524.1	0.68484	antibacterial	k99_10651_k99_10651_1
SRR6145058	k99_10651	k99_10651_0-2524.1	0.68484	antibacterial	k99_10651_k99_10651_2
SRR6145058	k99_10651	k99_10651_0-2524.1	0.68484	antibacterial	k99_10651_k99_10651_3
SRR6145058	k99_6443	k99_6443_548-953.1	0.67588	antibacterial	k99_6443_k99_6443_2
SRR6145058	k99_4609	k99_4609_0-132.1	0.5102	antibacterial	k99_4609_k99_4609_1
SRR6145058	k99_7881	k99_7881_2-1058.1	0.71394	antibacterial	k99_7881_k99_7881_1
SRR6145058	k99_6559	k99_6559_2-1295.1	0.61394	antibacterial	k99_6559_k99_6559_1
SRR6145058	k99_6559	k99_6559_1756-2368.1	0.51236	antibacterial	k99_6559_k99_6559_3
SRR6145058	k99_4044	k99_4044_239-1265.1	0.52651	inhibitor	k99_4044_k99_4044_1
SRR6145058	k99_12023	k99_12023_1-1614.1	0.55623	antibacterial	k99_12023_k99_12023_1
SRR6145058	k99_12023	k99_12023_1-1614.1	0.55623	antibacterial	k99_12023_k99_12023_2
SRR6145058	k99_8889	k99_8889_1-1408.1	0.7604	antibacterial	k99_8889_k99_8889_1
SRR6145058	k99_11893	k99_11893_2-842.1	0.50021	antibacterial	k99_11893_k99_11893_1
SRR6145058	k99_11031	k99_11031_988-1444.1	0.56616	antibacterial	k99_11031_k99_11031_3
SRR6145058	k99_9836	k99_9836_2-2135.1	0.6505	antibacterial	k99_9836_k99_9836_1
SRR6145058	k99_9836	k99_9836_2-2135.1	0.6505	antibacterial	k99_9836_k99_9836_2
SRR6145058	k99_9901	k99_9901_1700-2324.1	0.54828	NA	k99_9901_k99_9901_2
SRR6145058	k99_2720	k99_2720_114-1802.1	0.63257	antibacterial	k99_2720_k99_2720_1
SRR6145058	k99_2720	k99_2720_114-1802.1	0.63257	antibacterial	k99_2720_k99_2720_2
SRR6145058	k99_9458	k99_9458_2-488.1	0.53678	antibacterial	k99_9458_k99_9458_1
SRR6145058	k99_2271	k99_2271_0-786.1	0.51354	antibacterial	k99_2271_k99_2271_1
SRR6145058	k99_8707	k99_8707_23-2808.1	0.70992	antibacterial	k99_8707_k99_8707_1
SRR6145058	k99_8707	k99_8707_23-2808.1	0.70992	antibacterial	k99_8707_k99_8707_2
SRR6145058	k99_8707	k99_8707_23-2808.1	0.70992	antibacterial	k99_8707_k99_8707_3
SRR6145058	k99_6250	k99_6250_273-885.1	0.50053	antibacterial	k99_6250_k99_6250_1
SRR6145058	k99_10023	k99_10023_287-1697.1	0.54762	antibacterial	k99_10023_k99_10023_2
SRR6145058	k99_11587	k99_11587_2-1205.1	0.50922	antibacterial	k99_11587_k99_11587_1
SRR6145058	k99_11523	k99_11523_2-770.1	0.61284	antibacterial	k99_11523_k99_11523_1
SRR6145058	k99_1333	k99_1333_2-3218.1	0.855	antibacterial	k99_1333_k99_1333_1
SRR6145058	k99_1333	k99_1333_2-3218.1	0.855	antibacterial	k99_1333_k99_1333_2
SRR6145058	k99_1333	k99_1333_2-3218.1	0.855	antibacterial	k99_1333_k99_1333_3
SRR6145058	k99_1333	k99_1333_2-3218.1	0.855	antibacterial	k99_1333_k99_1333_4
SRR6145058	k99_1333	k99_1333_2-3218.1	0.855	antibacterial	k99_1333_k99_1333_5
SRR6145058	k99_9905	k99_9905_1-1252.1	0.5532	antibacterial	k99_9905_k99_9905_1
SRR6145058	k99_2088	k99_2088_2-2202.1	0.57611	antibacterial	k99_2088_k99_2088_1
SRR6145058	k99_2088	k99_2088_2-2202.1	0.57611	antibacterial	k99_2088_k99_2088_2
SRR6145058	k99_2088	k99_2088_2-2202.1	0.57611	antibacterial	k99_2088_k99_2088_3
SRR6145058	k99_1967	k99_1967_2-1766.1	0.58421	antibacterial	k99_1967_k99_1967_1
SRR6145058	k99_4114	k99_4114_268-985.1	0.62842	antibacterial	k99_4114_k99_4114_2
SRR6145058	k99_1206	k99_1206_2-3215.1	0.6647	antibacterial	k99_1206_k99_1206_1
SRR6145058	k99_1206	k99_1206_2-3215.1	0.6647	antibacterial	k99_1206_k99_1206_2
SRR6145058	k99_1206	k99_1206_2-3215.1	0.6647	antibacterial	k99_1206_k99_1206_3
SRR6145058	k99_9654	k99_9654_636-2130.1	0.55594	antibacterial	k99_9654_k99_9654_2
SRR6145058	k99_10024	k99_10024_12-336.1	0.54255	antibacterial	k99_10024_k99_10024_1
SRR6145058	k99_2089	k99_2089_2-854.1	0.53594	antibacterial	k99_2089_k99_2089_1
SRR6145058	k99_2526	k99_2526_232-846.1	0.5682	antibacterial	k99_2526_k99_2526_2
SRR6145058	k99_2526	k99_2526_232-846.1	0.5682	antibacterial	k99_2526_k99_2526_3
SRR6145058	k99_9203	k99_9203_1-2444.1	0.73888	antibacterial	k99_9203_k99_9203_1
SRR6145058	k99_9203	k99_9203_1-2444.1	0.73888	antibacterial	k99_9203_k99_9203_2
SRR6145058	k99_9203	k99_9203_1-2444.1	0.73888	antibacterial	k99_9203_k99_9203_3
SRR6145058	k99_9203	k99_9203_1-2444.1	0.73888	antibacterial	k99_9203_k99_9203_4
SRR6145058	k99_5993	k99_5993_0-1672.1	0.64181	antibacterial	k99_5993_k99_5993_1
SRR6145058	k99_5993	k99_5993_0-1672.1	0.64181	antibacterial	k99_5993_k99_5993_2
SRR6145058	k99_7886	k99_7886_0-2065.1	0.68067	antibacterial	k99_7886_k99_7886_1
SRR6145058	k99_7886	k99_7886_0-2065.1	0.68067	antibacterial	k99_7886_k99_7886_2
SRR6145058	k99_5994	k99_5994_585-2334.1	0.52866	antibacterial	k99_5994_k99_5994_1
SRR6145058	k99_1532	k99_1532_317-1361.1	0.53898	antibacterial	k99_1532_k99_1532_2
SRR6145058	k99_5802	k99_5802_1-982.1	0.51506	antibacterial	k99_5802_k99_5802_1
SRR6145058	k99_765	k99_765_897-1041.1	0.52174	antibacterial	k99_765_k99_765_3
SRR6145058	k99_5867	k99_5867_0-1182.1	0.56482	antibacterial	k99_5867_k99_5867_1
SRR6145058	k99_8845	k99_8845_81-2561.1	0.60426	antibacterial	k99_8845_k99_8845_1
SRR6145058	k99_8845	k99_8845_81-2561.1	0.60426	antibacterial	k99_8845_k99_8845_2
SRR6145058	k99_8845	k99_8845_81-2561.1	0.60426	antibacterial	k99_8845_k99_8845_3
SRR6145058	k99_9462	k99_9462_356-1601.1	0.57132	antibacterial	k99_9462_k99_9462_2
SRR6145058	k99_7828	k99_7828_0-2753.1	0.6746	antibacterial	k99_7828_k99_7828_1
SRR6145058	k99_7828	k99_7828_0-2753.1	0.6746	antibacterial	k99_7828_k99_7828_2
SRR6145058	k99_2663	k99_2663_64-5687.1	0.57576	antibacterial	k99_2663_k99_2663_1
SRR6145058	k99_2663	k99_2663_64-5687.1	0.57576	antibacterial	k99_2663_k99_2663_2
SRR6145058	k99_2663	k99_2663_64-5687.1	0.57576	antibacterial	k99_2663_k99_2663_3
SRR6145058	k99_2663	k99_2663_64-5687.1	0.57576	antibacterial	k99_2663_k99_2663_4
SRR6145058	k99_2663	k99_2663_64-5687.1	0.57576	antibacterial	k99_2663_k99_2663_5
SRR6145058	k99_2663	k99_2663_64-5687.1	0.57576	antibacterial	k99_2663_k99_2663_6
SRR6145058	k99_2663	k99_2663_64-5687.1	0.57576	antibacterial	k99_2663_k99_2663_7
SRR6145058	k99_2663	k99_2663_64-5687.1	0.57576	antibacterial	k99_2663_k99_2663_8
SRR6145058	k99_2663	k99_2663_64-5687.1	0.57576	antibacterial	k99_2663_k99_2663_9
SRR6145058	k99_2663	k99_2663_64-5687.1	0.57576	antibacterial	k99_2663_k99_2663_10
SRR6145058	k99_2663	k99_2663_64-5687.1	0.57576	antibacterial	k99_2663_k99_2663_11
SRR6145058	k99_2663	k99_2663_64-5687.1	0.57576	antibacterial	k99_2663_k99_2663_12
SRR6145058	k99_10342	k99_10342_248-1130.1	0.50327	antibacterial	k99_10342_k99_10342_2
SRR6145058	k99_10234	k99_10234_151-1284.1	0.60255	antibacterial	k99_10234_k99_10234_1
SRR6145058	k99_10234	k99_10234_151-1284.1	0.60255	antibacterial	k99_10234_k99_10234_2
SRR6145058	k99_8519	k99_8519_55-1159.1	0.57982	NA	k99_8519_k99_8519_1
SRR6145058	k99_2593	k99_2593_0-1113.1	0.7445	antibacterial	k99_2593_k99_2593_1
SRR6145058	k99_2593	k99_2593_0-1113.1	0.7445	antibacterial	k99_2593_k99_2593_2
SRR6145058	k99_4999	k99_4999_0-192.1	0.60031	antibacterial	k99_4999_k99_4999_1
SRR6145058	k99_959	k99_959_1153-1570.1	0.506	antibacterial	k99_959_k99_959_2
SRR6145058	k99_11527	k99_11527_618-3782.1	0.60984	antibacterial	k99_11527_k99_11527_1
SRR6145058	k99_11527	k99_11527_618-3782.1	0.60984	antibacterial	k99_11527_k99_11527_2
SRR6145058	k99_11527	k99_11527_618-3782.1	0.60984	antibacterial	k99_11527_k99_11527_3
SRR6145058	k99_9408	k99_9408_1-1447.1	0.54707	antibacterial	k99_9408_k99_9408_1
SRR6145058	k99_2216	k99_2216_0-1575.1	0.57081	antibacterial	k99_2216_k99_2216_1
SRR6145058	k99_1848	k99_1848_0-968.1	0.63669	antibacterial	k99_1848_k99_1848_1
SRR6145058	k99_1848	k99_1848_0-968.1	0.63669	antibacterial	k99_1848_k99_1848_2
SRR6145058	k99_11836	k99_11836_2-1013.1	0.59345	antibacterial	k99_11836_k99_11836_1
SRR6145058	k99_6123	k99_6123_0-1032.1	0.59655	antibacterial	k99_6123_k99_6123_1
SRR6145058	k99_6123	k99_6123_0-1032.1	0.59655	antibacterial	k99_6123_k99_6123_2
SRR6145058	k99_6317	k99_6317_2-4679.1	0.60642	antibacterial	k99_6317_k99_6317_1
SRR6145058	k99_8958	k99_8958_2-344.1	0.60431	antibacterial	k99_8958_k99_8958_1
SRR6145058	k99_8958	k99_8958_1517-2504.1	0.54423	antibacterial	k99_8958_k99_8958_3
SRR6145058	k99_1985	k99_1985_1155-1701.1	0.61863	antibacterial	k99_1985_k99_1985_2
SRR6145058	k99_5996	k99_5996_2-1004.1	0.59435	antibacterial	k99_5996_k99_5996_1
SRR6145058	k99_5629	k99_5629_1-2472.1	0.75185	antibacterial	k99_5629_k99_5629_1
SRR6145058	k99_5629	k99_5629_1-2472.1	0.75185	antibacterial	k99_5629_k99_5629_2
SRR6145058	k99_5629	k99_5629_1-2472.1	0.75185	antibacterial	k99_5629_k99_5629_3
SRR6145058	k99_5316	k99_5316_2-1090.1	0.66261	antibacterial	k99_5316_k99_5316_1
SRR6145058	k99_5316	k99_5316_2-1090.1	0.66261	antibacterial	k99_5316_k99_5316_2
SRR6145058	k99_5316	k99_5316_2-1090.1	0.66261	antibacterial	k99_5316_k99_5316_3
SRR6145058	k99_2217	k99_2217_1-3487.1	0.60446	antibacterial	k99_2217_k99_2217_1
SRR6145058	k99_2217	k99_2217_1-3487.1	0.60446	antibacterial	k99_2217_k99_2217_2
SRR6145058	k99_2217	k99_2217_1-3487.1	0.60446	antibacterial	k99_2217_k99_2217_3
SRR6145058	k99_2217	k99_2217_1-3487.1	0.60446	antibacterial	k99_2217_k99_2217_4
SRR6145058	k99_2217	k99_2217_1-3487.1	0.60446	antibacterial	k99_2217_k99_2217_5
SRR6145058	k99_520	k99_520_0-396.1	0.53969	antibacterial	k99_520_k99_520_1
SRR6145058	k99_522	k99_522_2-1013.1	0.57945	antibacterial	k99_522_k99_522_1
SRR6145058	k99_10920	k99_10920_0-3515.1	0.59866	antibacterial	k99_10920_k99_10920_1
SRR6145058	k99_10920	k99_10920_0-3515.1	0.59866	antibacterial	k99_10920_k99_10920_2
SRR6145058	k99_10920	k99_10920_0-3515.1	0.59866	antibacterial	k99_10920_k99_10920_3
SRR6145058	k99_10920	k99_10920_4350-4473.1	0.54029	antibacterial	k99_10920_k99_10920_5
SRR6145058	k99_11594	k99_11594_2-1892.1	0.51007	antibacterial	k99_11594_k99_11594_1
SRR6145058	k99_11594	k99_11594_3343-7859.1	0.58824	antibacterial	k99_11594_k99_11594_4
SRR6145058	k99_11594	k99_11594_3343-7859.1	0.58824	antibacterial	k99_11594_k99_11594_5
SRR6145058	k99_11594	k99_11594_3343-7859.1	0.58824	antibacterial	k99_11594_k99_11594_6
SRR6145058	k99_11594	k99_11594_3343-7859.1	0.58824	antibacterial	k99_11594_k99_11594_7
SRR6145058	k99_11594	k99_11594_3343-7859.1	0.58824	antibacterial	k99_11594_k99_11594_8
SRR6145058	k99_11594	k99_11594_3343-7859.1	0.58824	antibacterial	k99_11594_k99_11594_9
SRR6145058	k99_11594	k99_11594_3343-7859.1	0.58824	antibacterial	k99_11594_k99_11594_10
SRR6145058	k99_8209	k99_8209_2-659.1	0.53409	antibacterial	k99_8209_k99_8209_1
SRR6145058	k99_6458	k99_6458_1-955.1	0.55886	antibacterial	k99_6458_k99_6458_1
SRR6145058	k99_9587	k99_9587_2-1334.1	0.56724	antibacterial	k99_9587_k99_9587_1
SRR6145058	k99_9587	k99_9587_2-1334.1	0.56724	antibacterial	k99_9587_k99_9587_2
SRR6145058	k99_1345	k99_1345_477-1155.1	0.55204	antibacterial	k99_1345_k99_1345_1
SRR6145058	k99_1345	k99_1345_1602-1971.1	0.50915	antibacterial	k99_1345_k99_1345_3
SRR6145058	k99_8211	k99_8211_189-717.1	0.57517	antibacterial	k99_8211_k99_8211_2
SRR6145058	k99_8899	k99_8899_133-2376.1	0.67401	antibacterial	k99_8899_k99_8899_2
SRR6145058	k99_8899	k99_8899_133-2376.1	0.67401	antibacterial	k99_8899_k99_8899_3
SRR6145058	k99_8899	k99_8899_133-2376.1	0.67401	antibacterial	k99_8899_k99_8899_4
SRR6145058	k99_8899	k99_8899_133-2376.1	0.67401	antibacterial	k99_8899_k99_8899_5
SRR6145058	k99_6826	k99_6826_0-3641.1	0.58654	antibacterial	k99_6826_k99_6826_1
SRR6145058	k99_6826	k99_6826_0-3641.1	0.58654	antibacterial	k99_6826_k99_6826_2
SRR6145058	k99_6826	k99_6826_0-3641.1	0.58654	antibacterial	k99_6826_k99_6826_3
SRR6145058	k99_6826	k99_6826_0-3641.1	0.58654	antibacterial	k99_6826_k99_6826_4
SRR6145058	k99_6826	k99_6826_0-3641.1	0.58654	antibacterial	k99_6826_k99_6826_5
SRR6145058	k99_7577	k99_7577_202-331.1	0.54766	antibacterial	k99_7577_k99_7577_1
SRR6145058	k99_7577	k99_7577_2178-2514.1	0.62064	antibacterial	k99_7577_k99_7577_3
SRR6145058	k99_1656	k99_1656_2-233.1	0.5792	antibacterial	k99_1656_k99_1656_1
SRR6145058	k99_8587	k99_8587_247-2911.1	0.54259	antibacterial	k99_8587_k99_8587_2
SRR6145058	k99_8587	k99_8587_247-2911.1	0.54259	antibacterial	k99_8587_k99_8587_3
SRR6145058	k99_6772	k99_6772_1-664.1	0.56978	antibacterial	k99_6772_k99_6772_1
SRR6145058	k99_9084	k99_9084_431-1998.1	0.60603	antibacterial	k99_9084_k99_9084_2
SRR6145058	k99_9084	k99_9084_431-1998.1	0.60603	antibacterial	k99_9084_k99_9084_3
SRR6145058	k99_9660	k99_9660_1-274.1	0.52866	antibacterial	k99_9660_k99_9660_1
SRR6145058	k99_10284	k99_10284_119-509.1	0.66942	antibacterial	k99_10284_k99_10284_1
SRR6145058	k99_9086	k99_9086_2-440.1	0.5222	antibacterial	k99_9086_k99_9086_1
SRR6145058	k99_9216	k99_9216_0-1093.1	0.71846	antibacterial	k99_9216_k99_9216_1
SRR6145058	k99_9216	k99_9216_0-1093.1	0.71846	antibacterial	k99_9216_k99_9216_2
SRR6145058	k99_9087	k99_9087_161-1016.1	0.50258	antibacterial	k99_9087_k99_9087_2
SRR6145058	k99_5447	k99_5447_0-2309.1	0.6301	inhibitor	k99_5447_k99_5447_1
SRR6145058	k99_5447	k99_5447_0-2309.1	0.6301	inhibitor	k99_5447_k99_5447_2
SRR6145058	k99_5447	k99_5447_0-2309.1	0.6301	inhibitor	k99_5447_k99_5447_3
SRR6145058	k99_11720	k99_11720_259-1201.1	0.52909	antibacterial	k99_11720_k99_11720_1
SRR6145058	k99_5004	k99_5004_202-1027.1	0.57241	antibacterial	k99_5004_k99_5004_1
SRR6145058	k99_10468	k99_10468_33-2710.1	0.64898	antibacterial	k99_10468_k99_10468_1
SRR6145058	k99_10468	k99_10468_33-2710.1	0.64898	antibacterial	k99_10468_k99_10468_2
SRR6145058	k99_10468	k99_10468_33-2710.1	0.64898	antibacterial	k99_10468_k99_10468_3
SRR6145058	k99_10468	k99_10468_33-2710.1	0.64898	antibacterial	k99_10468_k99_10468_4
SRR6145058	k99_1657	k99_1657_167-1541.1	0.51716	antibacterial	k99_1657_k99_1657_2
SRR6145058	k99_3548	k99_3548_1-2581.1	0.66221	antibacterial	k99_3548_k99_3548_1
SRR6145058	k99_3548	k99_3548_1-2581.1	0.66221	antibacterial	k99_3548_k99_3548_2
SRR6145058	k99_6190	k99_6190_0-1227.1	0.64357	antibacterial	k99_6190_k99_6190_1
SRR6145058	k99_7264	k99_7264_2-1298.1	0.50922	antibacterial	k99_7264_k99_7264_1
SRR6145058	k99_4056	k99_4056_0-381.1	0.51738	antibacterial	k99_4056_k99_4056_1
SRR6145058	k99_11172	k99_11172_0-2609.1	0.77943	antibacterial	k99_11172_k99_11172_1
SRR6145058	k99_11172	k99_11172_0-2609.1	0.77943	antibacterial	k99_11172_k99_11172_2
SRR6145058	k99_6323	k99_6323_687-3738.1	0.52991	inhibitor	k99_6323_k99_6323_2
SRR6145058	k99_6323	k99_6323_687-3738.1	0.52991	inhibitor	k99_6323_k99_6323_3
SRR6145058	k99_6323	k99_6323_687-3738.1	0.52991	inhibitor	k99_6323_k99_6323_4
SRR6145058	k99_11291	k99_11291_2-2767.1	0.74328	antibacterial	k99_11291_k99_11291_1
SRR6145058	k99_11291	k99_11291_2-2767.1	0.74328	antibacterial	k99_11291_k99_11291_2
SRR6145058	k99_11291	k99_11291_2-2767.1	0.74328	antibacterial	k99_11291_k99_11291_3
SRR6145058	k99_11291	k99_11291_2-2767.1	0.74328	antibacterial	k99_11291_k99_11291_4
SRR6145058	k99_8537	k99_8537_301-3342.1	0.66661	antibacterial	k99_8537_k99_8537_1
SRR6145058	k99_8537	k99_8537_301-3342.1	0.66661	antibacterial	k99_8537_k99_8537_2
SRR6145058	k99_8537	k99_8537_301-3342.1	0.66661	antibacterial	k99_8537_k99_8537_3
SRR6145058	k99_8537	k99_8537_301-3342.1	0.66661	antibacterial	k99_8537_k99_8537_4
SRR6145058	k99_7525	k99_7525_2-638.1	0.55333	antibacterial	k99_7525_k99_7525_1
SRR6145058	k99_5644	k99_5644_274-2695.1	0.56056	antibacterial	k99_5644_k99_5644_1
SRR6145058	k99_3918	k99_3918_129-1122.1	0.60649	antibacterial	k99_3918_k99_3918_1
SRR6145058	k99_1102	k99_1102_0-1229.1	0.6337	antibacterial	k99_1102_k99_1102_1
SRR6145058	k99_1102	k99_1102_0-1229.1	0.6337	antibacterial	k99_1102_k99_1102_2
SRR6145058	k99_11535	k99_11535_2-1199.1	0.58918	NA	k99_11535_k99_11535_1
SRR6145058	k99_11658	k99_11658_312-591.1	0.50251	antibacterial	k99_11658_k99_11658_1
SRR6145058	k99_2853	k99_2853_2-4855.1	0.56971	antibacterial	k99_2853_k99_2853_1
SRR6145058	k99_2853	k99_2853_2-4855.1	0.56971	antibacterial	k99_2853_k99_2853_2
SRR6145058	k99_2853	k99_2853_2-4855.1	0.56971	antibacterial	k99_2853_k99_2853_3
SRR6145058	k99_8349	k99_8349_40-1657.1	0.5613	antibacterial-antifungal	k99_8349_k99_8349_1
SRR6145058	k99_1475	k99_1475_0-633.1	0.65119	antibacterial	k99_1475_k99_1475_1
SRR6145058	k99_2804	k99_2804_89-1885.1	0.72217	NA	k99_2804_k99_2804_1
SRR6145058	k99_2804	k99_2804_89-1885.1	0.72217	NA	k99_2804_k99_2804_2
SRR6145058	k99_2804	k99_2804_89-1885.1	0.72217	NA	k99_2804_k99_2804_3
SRR6145058	k99_1476	k99_1476_689-1592.1	0.57622	antibacterial-antifungal	k99_1476_k99_1476_2
SRR6145058	k99_7461	k99_7461_566-3227.1	0.60642	antibacterial	k99_7461_k99_7461_2
SRR6145058	k99_10863	k99_10863_140-746.1	0.52252	antibacterial	k99_10863_k99_10863_2
SRR6145058	k99_11543	k99_11543_51-909.1	0.51236	antibacterial	k99_11543_k99_11543_1
SRR6145058	k99_10105	k99_10105_2-1676.1	0.50922	antibacterial	k99_10105_k99_10105_1
SRR6145058	k99_1927	k99_1927_1780-2281.1	0.52302	antibacterial	k99_1927_k99_1927_4
SRR6145058	k99_1107	k99_1107_586-2268.1	0.52099	antibacterial	k99_1107_k99_1107_3
SRR6145058	k99_1107	k99_1107_586-2268.1	0.52099	antibacterial	k99_1107_k99_1107_4
SRR6145058	k99_7843	k99_7843_99-924.1	0.62192	antibacterial	k99_7843_k99_7843_1
SRR6145058	k99_9802	k99_9802_2-2163.1	0.55252	antibacterial	k99_9802_k99_9802_1
SRR6145058	k99_9802	k99_9802_2-2163.1	0.55252	antibacterial	k99_9802_k99_9802_2
SRR6145058	k99_9802	k99_9802_2-2163.1	0.55252	antibacterial	k99_9802_k99_9802_3
SRR6145058	k99_1108	k99_1108_356-2496.1	0.63354	inhibitor	k99_1108_k99_1108_2
SRR6145058	k99_1108	k99_1108_356-2496.1	0.63354	inhibitor	k99_1108_k99_1108_3
SRR6145058	k99_2932	k99_2932_0-225.1	0.59468	antibacterial	k99_2932_k99_2932_1
SRR6145058	k99_7079	k99_7079_207-2760.1	0.54159	antibacterial	k99_7079_k99_7079_1
SRR6145058	k99_7079	k99_7079_207-2760.1	0.54159	antibacterial	k99_7079_k99_7079_2
SRR6145058	k99_1728	k99_1728_346-1039.1	0.50677	antibacterial	k99_1728_k99_1728_2
SRR6145058	k99_3687	k99_3687_2088-2667.1	0.50689	antibacterial	k99_3687_k99_3687_4
SRR6145058	k99_8785	k99_8785_2-1749.1	0.64624	antibacterial	k99_8785_k99_8785_1
SRR6145058	k99_8785	k99_8785_2-1749.1	0.64624	antibacterial	k99_8785_k99_8785_2
SRR6145058	k99_10993	k99_10993_0-2850.1	0.51594	antibacterial	k99_10993_k99_10993_1
SRR6145058	k99_10993	k99_10993_0-2850.1	0.51594	antibacterial	k99_10993_k99_10993_2
SRR6145058	k99_10993	k99_10993_0-2850.1	0.51594	antibacterial	k99_10993_k99_10993_3
SRR6145058	k99_10993	k99_10993_0-2850.1	0.51594	antibacterial	k99_10993_k99_10993_4
SRR6145058	k99_9094	k99_9094_2-872.1	0.52987	antibacterial	k99_9094_k99_9094_1
SRR6145058	k99_5195	k99_5195_2-1852.1	0.51947	antibacterial	k99_5195_k99_5195_1
SRR6145058	k99_5195	k99_5195_2-1852.1	0.51947	antibacterial	k99_5195_k99_5195_2
SRR6145058	k99_11979	k99_11979_48-6860.1	0.79874	antibacterial	k99_11979_k99_11979_1
SRR6145058	k99_11979	k99_11979_48-6860.1	0.79874	antibacterial	k99_11979_k99_11979_2
SRR6145058	k99_11979	k99_11979_48-6860.1	0.79874	antibacterial	k99_11979_k99_11979_3
SRR6145058	k99_11979	k99_11979_48-6860.1	0.79874	antibacterial	k99_11979_k99_11979_4
SRR6145058	k99_11979	k99_11979_48-6860.1	0.79874	antibacterial	k99_11979_k99_11979_5
SRR6145058	k99_11979	k99_11979_48-6860.1	0.79874	antibacterial	k99_11979_k99_11979_6
SRR6145058	k99_11979	k99_11979_48-6860.1	0.79874	antibacterial	k99_11979_k99_11979_7
SRR6145058	k99_2299	k99_2299_241-1797.1	0.59438	antibacterial	k99_2299_k99_2299_2
SRR6145058	k99_2299	k99_2299_241-1797.1	0.59438	antibacterial	k99_2299_k99_2299_3
SRR6145058	k99_6477	k99_6477_2-3622.1	0.65527	antibacterial	k99_6477_k99_6477_1
SRR6145058	k99_6477	k99_6477_2-3622.1	0.65527	antibacterial	k99_6477_k99_6477_2
SRR6145058	k99_6477	k99_6477_2-3622.1	0.65527	antibacterial	k99_6477_k99_6477_3
SRR6145058	k99_4941	k99_4941_4704-7074.1	0.52782	antibacterial	k99_4941_k99_4941_7
SRR6145058	k99_4941	k99_4941_4704-7074.1	0.52782	antibacterial	k99_4941_k99_4941_8
SRR6145058	k99_8032	k99_8032_2-3392.1	0.58872	antibacterial	k99_8032_k99_8032_1
SRR6145058	k99_8032	k99_8032_2-3392.1	0.58872	antibacterial	k99_8032_k99_8032_2
SRR6145058	k99_8032	k99_8032_2-3392.1	0.58872	antibacterial	k99_8032_k99_8032_3
SRR6145058	k99_8032	k99_8032_2-3392.1	0.58872	antibacterial	k99_8032_k99_8032_4
SRR6145058	k99_7718	k99_7718_0-3695.1	0.56193	antibacterial	k99_7718_k99_7718_1
SRR6145058	k99_7718	k99_7718_0-3695.1	0.56193	antibacterial	k99_7718_k99_7718_2
SRR6145058	k99_3308	k99_3308_298-1315.1	0.56107	antibacterial	k99_3308_k99_3308_2
SRR6145058	k99_8035	k99_8035_2063-3005.1	0.50265	antibacterial	k99_8035_k99_8035_4
SRR6145058	k99_2858	k99_2858_211-1423.1	0.53339	antibacterial	k99_2858_k99_2858_1
SRR6145058	k99_4638	k99_4638_2-2401.1	0.6026	antibacterial	k99_4638_k99_4638_1
SRR6145058	k99_4638	k99_4638_2-2401.1	0.6026	antibacterial	k99_4638_k99_4638_2
SRR6145058	k99_4638	k99_4638_2-2401.1	0.6026	antibacterial	k99_4638_k99_4638_3
SRR6145058	k99_7398	k99_7398_2-1751.1	0.60582	antibacterial	k99_7398_k99_7398_1
SRR6145058	k99_7398	k99_7398_2-1751.1	0.60582	antibacterial	k99_7398_k99_7398_2
SRR6145058	k99_7398	k99_7398_6299-11329.1	0.57629	antibacterial	k99_7398_k99_7398_9
SRR6145058	k99_7398	k99_7398_6299-11329.1	0.57629	antibacterial	k99_7398_k99_7398_10
SRR6145058	k99_7398	k99_7398_6299-11329.1	0.57629	antibacterial	k99_7398_k99_7398_11
SRR6145058	k99_7398	k99_7398_6299-11329.1	0.57629	antibacterial	k99_7398_k99_7398_12
SRR6145058	k99_7398	k99_7398_6299-11329.1	0.57629	antibacterial	k99_7398_k99_7398_13
SRR6145058	k99_7398	k99_7398_6299-11329.1	0.57629	antibacterial	k99_7398_k99_7398_14
SRR6145058	k99_7398	k99_7398_6299-11329.1	0.57629	antibacterial	k99_7398_k99_7398_15
SRR6145058	k99_7398	k99_7398_13866-14943.1	0.62969	antibacterial	k99_7398_k99_7398_17
SRR6145058	k99_7398	k99_7398_13866-14943.1	0.62969	antibacterial	k99_7398_k99_7398_18
SRR6145058	k99_7398	k99_7398_13866-14943.1	0.62969	antibacterial	k99_7398_k99_7398_19
SRR6145058	k99_9316	k99_9316_2-1313.1	0.52209	antibacterial	k99_9316_k99_9316_1
SRR6145058	k99_8164	k99_8164_779-1517.1	0.55458	antibacterial	k99_8164_k99_8164_2
SRR6145058	k99_8663	k99_8663_2-1111.1	0.53302	antibacterial	k99_8663_k99_8663_1
SRR6145058	k99_8663	k99_8663_2-1111.1	0.53302	antibacterial	k99_8663_k99_8663_2
SRR6145058	k99_5882	k99_5882_1-673.1	0.54608	antibacterial	k99_5882_k99_5882_1
SRR6145058	k99_6381	k99_6381_64-472.1	0.56385	antibacterial	k99_6381_k99_6381_1
SRR6145058	k99_7532	k99_7532_2-3010.1	0.62884	antibacterial	k99_7532_k99_7532_1
SRR6145058	k99_7532	k99_7532_2-3010.1	0.62884	antibacterial	k99_7532_k99_7532_2
SRR6145058	k99_6284	k99_6284_161-1139.1	0.66672	inhibitor	k99_6284_k99_6284_1
SRR6145058	k99_9355	k99_9355_2-1088.1	0.57982	NA	k99_9355_k99_9355_1
SRR6145058	k99_8977	k99_8977_2-1298.1	0.52863	antibacterial	k99_8977_k99_8977_1
SRR6145058	k99_8977	k99_8977_2-1298.1	0.52863	antibacterial	k99_8977_k99_8977_2
SRR6145058	k99_3383	k99_3383_0-1335.1	0.52849	antibacterial	k99_3383_k99_3383_1
SRR6145058	k99_3383	k99_3383_0-1335.1	0.52849	antibacterial	k99_3383_k99_3383_2
SRR6145058	k99_10618	k99_10618_55-1411.1	0.59269	antibacterial	k99_10618_k99_10618_1
SRR6145058	k99_10618	k99_10618_55-1411.1	0.59269	antibacterial	k99_10618_k99_10618_2
SRR6145058	k99_7665	k99_7665_860-1541.1	0.55645	antibacterial	k99_7665_k99_7665_2
SRR6145058	k99_10557	k99_10557_2-1788.1	0.69488	antibacterial	k99_10557_k99_10557_1
SRR6145058	k99_10557	k99_10557_2-1788.1	0.69488	antibacterial	k99_10557_k99_10557_2
SRR6145058	k99_6287	k99_6287_698-1247.1	0.5448	antibacterial	k99_6287_k99_6287_2
SRR6145058	k99_12039	k99_12039_1-5483.1	0.77501	antibacterial	k99_12039_k99_12039_1
SRR6145058	k99_12039	k99_12039_1-5483.1	0.77501	antibacterial	k99_12039_k99_12039_2
SRR6145058	k99_12039	k99_12039_1-5483.1	0.77501	antibacterial	k99_12039_k99_12039_3
SRR6145058	k99_12039	k99_12039_1-5483.1	0.77501	antibacterial	k99_12039_k99_12039_4
SRR6145058	k99_12039	k99_12039_1-5483.1	0.77501	antibacterial	k99_12039_k99_12039_5
SRR6145058	k99_12039	k99_12039_1-5483.1	0.77501	antibacterial	k99_12039_k99_12039_6
SRR6145058	k99_12039	k99_12039_1-5483.1	0.77501	antibacterial	k99_12039_k99_12039_7
SRR6145058	k99_12039	k99_12039_1-5483.1	0.77501	antibacterial	k99_12039_k99_12039_8
SRR6145058	k99_9103	k99_9103_306-1458.1	0.57955	antibacterial-antifungal	k99_9103_k99_9103_2
SRR6145058	k99_3438	k99_3438_2-821.1	0.54406	inhibitor	k99_3438_k99_3438_1
SRR6145058	k99_10691	k99_10691_2-4073.1	0.57032	antibacterial	k99_10691_k99_10691_1
SRR6145058	k99_10691	k99_10691_2-4073.1	0.57032	antibacterial	k99_10691_k99_10691_2
SRR6145058	k99_10691	k99_10691_2-4073.1	0.57032	antibacterial	k99_10691_k99_10691_3
SRR6145058	k99_10691	k99_10691_2-4073.1	0.57032	antibacterial	k99_10691_k99_10691_4
SRR6145058	k99_10691	k99_10691_5111-5540.1	0.54166	antibacterial	k99_10691_k99_10691_6
SRR6145058	k99_662	k99_662_2-95.1	0.67722	antibacterial	k99_662_k99_662_1
SRR6145058	k99_2494	k99_2494_0-2195.1	0.54879	antibacterial	k99_2494_k99_2494_1
SRR6145058	k99_2494	k99_2494_0-2195.1	0.54879	antibacterial	k99_2494_k99_2494_2
SRR6145058	k99_9726	k99_9726_0-1955.1	0.56172	antibacterial	k99_9726_k99_9726_1
SRR6145058	k99_9726	k99_9726_0-1955.1	0.56172	antibacterial	k99_9726_k99_9726_2
SRR6145058	k99_9158	k99_9158_602-1241.1	0.57769	antibacterial	k99_9158_k99_9158_2
SRR6145058	k99_6203	k99_6203_840-1260.1	0.53509	antibacterial	k99_6203_k99_6203_2
SRR6145058	k99_2626	k99_2626_0-1565.1	0.55418	antibacterial	k99_2626_k99_2626_1
SRR6145058	k99_2626	k99_2626_0-1565.1	0.55418	antibacterial	k99_2626_k99_2626_2
SRR6145058	k99_11066	k99_11066_928-2994.1	0.57461	antibacterial-antifungal	k99_11066_k99_11066_2
SRR6145058	k99_11066	k99_11066_928-2994.1	0.57461	antibacterial-antifungal	k99_11066_k99_11066_3
SRR6145058	k99_1607	k99_1607_265-1516.1	0.62389	antibacterial-antifungal	k99_1607_k99_1607_1
SRR6145058	k99_2627	k99_2627_0-891.1	0.75866	antibacterial	k99_2627_k99_2627_1
SRR6145058	k99_5833	k99_5833_1-1044.1	0.75832	antibacterial	k99_5833_k99_5833_1
SRR6145058	k99_5833	k99_5833_1-1044.1	0.75832	antibacterial	k99_5833_k99_5833_2
SRR6145058	k99_3751	k99_3751_159-795.1	0.53176	antibacterial	k99_3751_k99_3751_2
SRR6145058	k99_10305	k99_10305_1907-2123.1	0.52919	antibacterial	k99_10305_k99_10305_3
SRR6145058	k99_5017	k99_5017_1-1072.1	0.88646	inhibitor	k99_5017_k99_5017_1
SRR6145058	k99_9878	k99_9878_0-1299.1	0.54504	antibacterial	k99_9878_k99_9878_1
SRR6145058	k99_9878	k99_9878_0-1299.1	0.54504	antibacterial	k99_9878_k99_9878_2
SRR6145058	k99_11921	k99_11921_136-1744.1	0.57955	antibacterial-antifungal	k99_11921_k99_11921_1
SRR6145058	k99_6654	k99_6654_1-6257.1	0.68689	NA	k99_6654_k99_6654_1
SRR6145058	k99_6654	k99_6654_1-6257.1	0.68689	NA	k99_6654_k99_6654_2
SRR6145058	k99_6654	k99_6654_1-6257.1	0.68689	NA	k99_6654_k99_6654_3
SRR6145058	k99_6654	k99_6654_1-6257.1	0.68689	NA	k99_6654_k99_6654_4
SRR6145058	k99_6654	k99_6654_1-6257.1	0.68689	NA	k99_6654_k99_6654_5
SRR6145058	k99_6654	k99_6654_1-6257.1	0.68689	NA	k99_6654_k99_6654_6
SRR6145058	k99_6654	k99_6654_1-6257.1	0.68689	NA	k99_6654_k99_6654_7
SRR6145058	k99_6654	k99_6654_1-6257.1	0.68689	NA	k99_6654_k99_6654_8
SRR6145058	k99_6153	k99_6153_959-1385.1	0.6361	antibacterial	k99_6153_k99_6153_1
SRR6145058	k99_1231	k99_1231_233-776.1	0.69307	antibacterial	k99_1231_k99_1231_1
SRR6145058	k99_4509	k99_4509_1650-3225.1	0.50225	antibacterial	k99_4509_k99_4509_3
SRR6145058	k99_10126	k99_10126_183-1038.1	0.5784	antibacterial	k99_10126_k99_10126_1
SRR6145058	k99_926	k99_926_205-1662.1	0.63409	NA	k99_926_k99_926_2
SRR6145058	k99_926	k99_926_205-1662.1	0.63409	NA	k99_926_k99_926_3
SRR6145058	k99_2176	k99_2176_2-701.1	0.62725	antibacterial	k99_2176_k99_2176_1
SRR6145058	k99_1753	k99_1753_0-1567.1	0.68595	antibacterial	k99_1753_k99_1753_1
SRR6145058	k99_1753	k99_1753_0-1567.1	0.68595	antibacterial	k99_1753_k99_1753_2
SRR6145058	k99_1753	k99_1753_0-1567.1	0.68595	antibacterial	k99_1753_k99_1753_3
SRR6145058	k99_4903	k99_4903_1182-2463.1	0.64492	antibacterial	k99_4903_k99_4903_2
SRR6145058	k99_4903	k99_4903_4057-6397.1	0.60432	antibacterial	k99_4903_k99_4903_4
SRR6145058	k99_4903	k99_4903_4057-6397.1	0.60432	antibacterial	k99_4903_k99_4903_5
SRR6145058	k99_4903	k99_4903_4057-6397.1	0.60432	antibacterial	k99_4903_k99_4903_6
SRR6145058	k99_4903	k99_4903_4057-6397.1	0.60432	antibacterial	k99_4903_k99_4903_7
SRR6145058	k99_8355	k99_8355_0-1815.1	0.62287	antibacterial	k99_8355_k99_8355_1
SRR6145058	k99_8355	k99_8355_0-1815.1	0.62287	antibacterial	k99_8355_k99_8355_2
SRR6145058	k99_8355	k99_8355_0-1815.1	0.62287	antibacterial	k99_8355_k99_8355_3
SRR6145058	k99_1190	k99_1190_1463-1736.1	0.51411	antibacterial	k99_1190_k99_1190_2
SRR6145058	k99_5516	k99_5516_682-1642.1	0.57697	antibacterial	k99_5516_k99_5516_2
SRR6145058	k99_11441	k99_11441_2-1721.1	0.567	antibacterial	k99_11441_k99_11441_1
SRR6145058	k99_8040	k99_8040_0-1789.1	0.56112	antibacterial	k99_8040_k99_8040_1
SRR6145058	k99_8040	k99_8040_0-1789.1	0.56112	antibacterial	k99_8040_k99_8040_2
SRR6145058	k99_8040	k99_8040_0-1789.1	0.56112	antibacterial	k99_8040_k99_8040_3
SRR6145058	k99_4009	k99_4009_101-1042.1	0.672	antibacterial	k99_4009_k99_4009_1
SRR6145058	k99_4009	k99_4009_101-1042.1	0.672	antibacterial	k99_4009_k99_4009_2
SRR6145058	k99_11805	k99_11805_2-3798.1	0.65998	NA	k99_11805_k99_11805_1
SRR6145058	k99_11805	k99_11805_2-3798.1	0.65998	NA	k99_11805_k99_11805_2
SRR6145058	k99_11805	k99_11805_2-3798.1	0.65998	NA	k99_11805_k99_11805_3
SRR6145058	k99_11805	k99_11805_2-3798.1	0.65998	NA	k99_11805_k99_11805_4
SRR6145058	k99_7674	k99_7674_1-532.1	0.62039	antibacterial	k99_7674_k99_7674_1
SRR6145058	k99_7154	k99_7154_1-541.1	0.55076	antibacterial	k99_7154_k99_7154_1
SRR6145058	k99_988	k99_988_2-1575.1	0.53713	antibacterial	k99_988_k99_988_1
SRR6145058	k99_988	k99_988_2-1575.1	0.53713	antibacterial	k99_988_k99_988_2
SRR6145058	k99_10571	k99_10571_1-1108.1	0.63651	antibacterial	k99_10571_k99_10571_1
SRR6145058	k99_10571	k99_10571_1-1108.1	0.63651	antibacterial	k99_10571_k99_10571_2
SRR6145058	k99_9693	k99_9693_2-389.1	0.50728	antibacterial	k99_9693_k99_9693_1
SRR6145058	k99_7679	k99_7679_0-663.1	0.62878	antibacterial	k99_7679_k99_7679_1
SRR6145058	k99_2871	k99_2871_0-1194.1	0.65381	antibacterial	k99_2871_k99_2871_1
SRR6145058	k99_2871	k99_2871_0-1194.1	0.65381	antibacterial	k99_2871_k99_2871_2
SRR6145058	k99_10493	k99_10493_2051-2399.1	0.54484	antibacterial	k99_10493_k99_10493_3
SRR6145058	k99_8992	k99_8992_2531-3140.1	0.58125	antibacterial	k99_8992_k99_8992_2
SRR6145058	k99_3639	k99_3639_2-2033.1	0.55448	antibacterial	k99_3639_k99_3639_1
SRR6145058	k99_3639	k99_3639_2-2033.1	0.55448	antibacterial	k99_3639_k99_3639_2
SRR6145058	k99_7479	k99_7479_2-1855.1	0.59285	antibacterial	k99_7479_k99_7479_1
SRR6145058	k99_7479	k99_7479_2-1855.1	0.59285	antibacterial	k99_7479_k99_7479_2
SRR6145058	k99_7479	k99_7479_2-1855.1	0.59285	antibacterial	k99_7479_k99_7479_3
SRR6145058	k99_7479	k99_7479_2-1855.1	0.59285	antibacterial	k99_7479_k99_7479_4
SRR6145058	k99_1195	k99_1195_0-1661.1	0.64105	antibacterial	k99_1195_k99_1195_1
SRR6145058	k99_1195	k99_1195_0-1661.1	0.64105	antibacterial	k99_1195_k99_1195_2
SRR6145058	k99_7216	k99_7216_2-3523.1	0.58528	NA	k99_7216_k99_7216_1
SRR6145058	k99_7216	k99_7216_2-3523.1	0.58528	NA	k99_7216_k99_7216_2
SRR6145058	k99_7216	k99_7216_2-3523.1	0.58528	NA	k99_7216_k99_7216_3
SRR6145058	k99_7216	k99_7216_2-3523.1	0.58528	NA	k99_7216_k99_7216_4
SRR6145058	k99_7216	k99_7216_2-3523.1	0.58528	NA	k99_7216_k99_7216_5
SRR6145058	k99_7217	k99_7217_611-1061.1	0.57133	antibacterial	k99_7217_k99_7217_3
SRR6145058	k99_3454	k99_3454_7086-7914.1	0.50484	NA	k99_3454_k99_3454_6
SRR6145058	k99_7293	k99_7293_2-1338.1	0.67371	antibacterial	k99_7293_k99_7293_1
SRR6145058	k99_7293	k99_7293_2-1338.1	0.67371	antibacterial	k99_7293_k99_7293_2
SRR6145058	k99_7293	k99_7293_2-1338.1	0.67371	antibacterial	k99_7293_k99_7293_3
SRR6145058	k99_7355	k99_7355_79-3597.1	0.58793	NA	k99_7355_k99_7355_2
SRR6145058	k99_7355	k99_7355_79-3597.1	0.58793	NA	k99_7355_k99_7355_3
SRR6145058	k99_7355	k99_7355_79-3597.1	0.58793	NA	k99_7355_k99_7355_4
SRR6145058	k99_1558	k99_1558_0-837.1	0.5969	antibacterial	k99_1558_k99_1558_1
SRR6145058	k99_7357	k99_7357_956-1193.1	0.50122	antibacterial	k99_7357_k99_7357_2
SRR6145058	k99_12002	k99_12002_445-1711.1	0.55094	antibacterial	k99_12002_k99_12002_2
SRR6145058	k99_8107	k99_8107_317-2853.1	0.60532	antibacterial	k99_8107_k99_8107_1
SRR6145058	k99_8107	k99_8107_317-2853.1	0.60532	antibacterial	k99_8107_k99_8107_2
SRR6145058	k99_8170	k99_8170_1-1669.1	0.57539	antibacterial	k99_8170_k99_8170_1
SRR6145058	k99_8170	k99_8170_1-1669.1	0.57539	antibacterial	k99_8170_k99_8170_2
SRR6145058	k99_8170	k99_8170_1-1669.1	0.57539	antibacterial	k99_8170_k99_8170_3
SRR6145058	k99_5472	k99_5472_2-2200.1	0.60232	antibacterial	k99_5472_k99_5472_1
SRR6145058	k99_5472	k99_5472_2-2200.1	0.60232	antibacterial	k99_5472_k99_5472_2
SRR6145058	k99_5214	k99_5214_1-1915.1	0.58396	antibacterial	k99_5214_k99_5214_1
SRR6145058	k99_10199	k99_10199_7862-8144.1	0.63702	antibacterial	k99_10199_k99_10199_14
SRR6145058	k99_8881	k99_8881_1-3989.1	0.75891	antibacterial	k99_8881_k99_8881_1
SRR6145058	k99_8881	k99_8881_1-3989.1	0.75891	antibacterial	k99_8881_k99_8881_2
SRR6145058	k99_8881	k99_8881_1-3989.1	0.75891	antibacterial	k99_8881_k99_8881_3
SRR6145058	k99_8881	k99_8881_1-3989.1	0.75891	antibacterial	k99_8881_k99_8881_4
SRR6145058	k99_8881	k99_8881_1-3989.1	0.75891	antibacterial	k99_8881_k99_8881_5
SRR6145058	k99_8881	k99_8881_1-3989.1	0.75891	antibacterial	k99_8881_k99_8881_6
SRR6145058	k99_10078	k99_10078_306-690.1	0.6285	antibacterial	k99_10078_k99_10078_3
SRR6145058	k99_7609	k99_7609_1352-1664.1	0.52866	antibacterial	k99_7609_k99_7609_1
SRR6145058	k99_9889	k99_9889_2-1768.1	0.62195	antibacterial	k99_9889_k99_9889_1
SRR6145058	k99_9889	k99_9889_2-1768.1	0.62195	antibacterial	k99_9889_k99_9889_2
SRR6145058	k99_9114	k99_9114_2-3301.1	0.8107	antibacterial	k99_9114_k99_9114_1
SRR6145058	k99_9114	k99_9114_2-3301.1	0.8107	antibacterial	k99_9114_k99_9114_2
SRR6145058	k99_9114	k99_9114_2-3301.1	0.8107	antibacterial	k99_9114_k99_9114_3
SRR6145058	k99_9114	k99_9114_2-3301.1	0.8107	antibacterial	k99_9114_k99_9114_4
SRR6145058	k99_9114	k99_9114_2-3301.1	0.8107	antibacterial	k99_9114_k99_9114_5
SRR6145058	k99_6862	k99_6862_211-6346.1	0.59776	antibacterial	k99_6862_k99_6862_2
SRR6145058	k99_6862	k99_6862_211-6346.1	0.59776	antibacterial	k99_6862_k99_6862_3
SRR6145058	k99_6862	k99_6862_211-6346.1	0.59776	antibacterial	k99_6862_k99_6862_4
SRR6145058	k99_6862	k99_6862_211-6346.1	0.59776	antibacterial	k99_6862_k99_6862_5
SRR6145058	k99_6862	k99_6862_211-6346.1	0.59776	antibacterial	k99_6862_k99_6862_6
SRR6145058	k99_6862	k99_6862_211-6346.1	0.59776	antibacterial	k99_6862_k99_6862_7
SRR6145058	k99_6862	k99_6862_211-6346.1	0.59776	antibacterial	k99_6862_k99_6862_8
SRR6145058	k99_6862	k99_6862_211-6346.1	0.59776	antibacterial	k99_6862_k99_6862_9
SRR6145058	k99_8364	k99_8364_2-224.1	0.52322	antibacterial	k99_8364_k99_8364_1
SRR6145058	k99_9738	k99_9738_1-1063.1	0.62707	antibacterial	k99_9738_k99_9738_1
SRR6145058	k99_2510	k99_2510_699-1947.1	0.5256	antibacterial	k99_2510_k99_2510_2
SRR6145058	k99_8441	k99_8441_815-1562.1	0.6134	antibacterial	k99_8441_k99_8441_2
SRR6145058	k99_8116	k99_8116_2-1173.1	0.67772	antibacterial	k99_8116_k99_8116_1
SRR6145058	k99_8116	k99_8116_2-1173.1	0.67772	antibacterial	k99_8116_k99_8116_2
SRR6145058	k99_9739	k99_9739_2-1100.1	0.56101	antibacterial	k99_9739_k99_9739_1
SRR6145058	k99_8558	k99_8558_1578-4026.1	0.53723	antibacterial	k99_8558_k99_8558_3
SRR6145058	k99_8558	k99_8558_1578-4026.1	0.53723	antibacterial	k99_8558_k99_8558_4
SRR6145058	k99_8558	k99_8558_1578-4026.1	0.53723	antibacterial	k99_8558_k99_8558_5
SRR6145058	k99_1815	k99_1815_2-1457.1	0.57278	antibacterial	k99_1815_k99_1815_1
SRR6145058	k99_9701	k99_9701_151-457.1	0.58383	antibacterial	k99_9701_k99_9701_1
SRR6145058	k99_7494	k99_7494_0-1687.1	0.57414	antibacterial	k99_7494_k99_7494_1
SRR6145058	k99_7494	k99_7494_0-1687.1	0.57414	antibacterial	k99_7494_k99_7494_2
SRR6145058	k99_2767	k99_2767_0-1080.1	0.61863	antibacterial	k99_2767_k99_2767_1
SRR6145058	k99_9745	k99_9745_2-1182.1	0.68246	antibacterial	k99_9745_k99_9745_1
SRR6145058	k99_9745	k99_9745_2-1182.1	0.68246	antibacterial	k99_9745_k99_9745_2
SRR6145058	k99_6411	k99_6411_220-3341.1	0.95368	inhibitor	k99_6411_k99_6411_2
SRR6145058	k99_6411	k99_6411_220-3341.1	0.95368	inhibitor	k99_6411_k99_6411_3
SRR6145058	k99_5227	k99_5227_590-1119.1	0.66528	antibacterial	k99_5227_k99_5227_1
SRR6145058	k99_5227	k99_5227_590-1119.1	0.66528	antibacterial	k99_5227_k99_5227_2
SRR6145058	k99_11506	k99_11506_71-2063.1	0.6057	antibacterial	k99_11506_k99_11506_1
SRR6145058	k99_11506	k99_11506_71-2063.1	0.6057	antibacterial	k99_11506_k99_11506_2
SRR6145058	k99_1004	k99_1004_1-649.1	0.67814	antibacterial	k99_1004_k99_1004_1
SRR6145058	k99_11564	k99_11564_2-353.1	0.5005	antibacterial	k99_11564_k99_11564_1
SRR6145058	k99_6349	k99_6349_0-765.1	0.51021	antibacterial	k99_6349_k99_6349_1
SRR6145058	k99_9005	k99_9005_0-1095.1	0.54416	antibacterial	k99_9005_k99_9005_1
SRR6145058	k99_8061	k99_8061_632-1055.1	0.53025	antibacterial	k99_8061_k99_8061_2
SRR6145058	k99_4025	k99_4025_431-1343.1	0.7604	antibacterial	k99_4025_k99_4025_1
SRR6145058	k99_5161	k99_5161_405-1335.1	0.56663	inhibitor	k99_5161_k99_5161_2
SRR6145058	k99_10641	k99_10641_1-325.1	0.50429	antibacterial	k99_10641_k99_10641_1
SRR6145058	k99_11572	k99_11572_490-1663.1	0.65041	antibacterial	k99_11572_k99_11572_2
SRR6145058	k99_10643	k99_10643_221-1232.1	0.66426	antibacterial	k99_10643_k99_10643_1
SRR6145058	k99_12010	k99_12010_1-5968.1	0.67197	antibacterial	k99_12010_k99_12010_1
SRR6145058	k99_12010	k99_12010_1-5968.1	0.67197	antibacterial	k99_12010_k99_12010_2
SRR6145058	k99_12010	k99_12010_1-5968.1	0.67197	antibacterial	k99_12010_k99_12010_3
SRR6145058	k99_12010	k99_12010_1-5968.1	0.67197	antibacterial	k99_12010_k99_12010_4
SRR6145058	k99_12010	k99_12010_7405-8674.1	0.51831	antibacterial	k99_12010_k99_12010_6
SRR6145058	k99_11818	k99_11818_1262-2750.1	0.56181	antibacterial	k99_11818_k99_11818_3
SRR6145058	k99_4029	k99_4029_0-1207.1	0.61108	antibacterial	k99_4029_k99_4029_1
SRR6145058	k99_4029	k99_4029_0-1207.1	0.61108	antibacterial	k99_4029_k99_4029_2
SRR6145058	k99_11819	k99_11819_0-462.1	0.57945	antibacterial	k99_11819_k99_11819_1
SRR6145058	k99_9570	k99_9570_2-2852.1	0.73914	antibacterial	k99_9570_k99_9570_1
SRR6145058	k99_9570	k99_9570_2-2852.1	0.73914	antibacterial	k99_9570_k99_9570_2
SRR6145058	k99_9570	k99_9570_2-2852.1	0.73914	antibacterial	k99_9570_k99_9570_3
SRR6145058	k99_9570	k99_9570_2-2852.1	0.73914	antibacterial	k99_9570_k99_9570_4
SRR6145058	k99_10646	k99_10646_1235-1967.1	0.51811	antibacterial	k99_10646_k99_10646_2
SRR6145058	k99_4723	k99_4723_0-1071.1	0.70117	antibacterial	k99_4723_k99_4723_1
SRR6145058	k99_10381	k99_10381_0-771.1	0.54786	antibacterial	k99_10381_k99_10381_1
SRR6145058	k99_10381	k99_10381_1813-2086.1	0.54025	antibacterial	k99_10381_k99_10381_3
SRR6145058	k99_377	k99_377_264-1038.1	0.68652	antibacterial	k99_377_k99_377_2
SRR6145058	k99_7239	k99_7239_644-4617.1	0.88157	antibacterial	k99_7239_k99_7239_2
SRR6145058	k99_7239	k99_7239_644-4617.1	0.88157	antibacterial	k99_7239_k99_7239_3
SRR6145058	k99_7239	k99_7239_644-4617.1	0.88157	antibacterial	k99_7239_k99_7239_4
SRR6145058	k99_7239	k99_7239_644-4617.1	0.88157	antibacterial	k99_7239_k99_7239_5
SRR6145058	k99_7239	k99_7239_644-4617.1	0.88157	antibacterial	k99_7239_k99_7239_6
SRR6145058	k99_6801	k99_6801_368-3219.1	0.55075	antibacterial	k99_6801_k99_6801_2
SRR6145058	k99_6801	k99_6801_368-3219.1	0.55075	antibacterial	k99_6801_k99_6801_3
SRR6145058	k99_6801	k99_6801_368-3219.1	0.55075	antibacterial	k99_6801_k99_6801_4
SRR6145058	k99_3274	k99_3274_593-1769.1	0.61296	antibacterial	k99_3274_k99_3274_2
SRR6145058	k99_3968	k99_3968_2832-6090.1	0.61253	NA	k99_3968_k99_3968_5
SRR6145058	k99_3968	k99_3968_2832-6090.1	0.61253	NA	k99_3968_k99_3968_6
SRR6145058	k99_3968	k99_3968_2832-6090.1	0.61253	NA	k99_3968_k99_3968_7
